pack,file,contact_sheet,all_pages_rendered,manual_visual_review,status
northern-ireland-private-tenancy-branded-sample-pack,compliance_checklist.pdf,audit/tenancy-package-final-remediation-2026-07-29/contact-sheets/northern-ireland-private-tenancy-branded-sample-pack--compliance_checklist.png,True,pass,pass
northern-ireland-private-tenancy-branded-sample-pack,inventory_schedule.pdf,audit/tenancy-package-final-remediation-2026-07-29/contact-sheets/northern-ireland-private-tenancy-branded-sample-pack--inventory_schedule.png,True,pass,pass
northern-ireland-private-tenancy-branded-sample-pack,northern_ireland_rent_book.pdf,audit/tenancy-package-final-remediation-2026-07-29/contact-sheets/northern-ireland-private-tenancy-branded-sample-pack--northern_ireland_rent_book.png,True,pass,pass
northern-ireland-private-tenancy-branded-sample-pack,northern_ireland_tenancy_information_notice.pdf,audit/tenancy-package-final-remediation-2026-07-29/contact-sheets/northern-ireland-private-tenancy-branded-sample-pack--northern_ireland_tenancy_information_notice.png,True,pass,pass
northern-ireland-private-tenancy-branded-sample-pack,northern_ireland_tenancy_information_notice_guidance.pdf,audit/tenancy-package-final-remediation-2026-07-29/contact-sheets/northern-ireland-private-tenancy-branded-sample-pack--northern_ireland_tenancy_information_notice_guidance.png,True,pass,pass
northern-ireland-private-tenancy-branded-sample-pack,tenancy_agreement.pdf,audit/tenancy-package-final-remediation-2026-07-29/contact-sheets/northern-ireland-private-tenancy-branded-sample-pack--tenancy_agreement.png,True,pass,pass
scotland-prt-branded-sample-pack,compliance_checklist.pdf,audit/tenancy-package-final-remediation-2026-07-29/contact-sheets/scotland-prt-branded-sample-pack--compliance_checklist.png,True,pass,pass
scotland-prt-branded-sample-pack,inventory_schedule.pdf,audit/tenancy-package-final-remediation-2026-07-29/contact-sheets/scotland-prt-branded-sample-pack--inventory_schedule.png,True,pass,pass
scotland-prt-branded-sample-pack,scotland_prt_statutory_terms_supporting_notes_april_2024.pdf,audit/tenancy-package-final-remediation-2026-07-29/contact-sheets/scotland-prt-branded-sample-pack--scotland_prt_statutory_terms_supporting_notes_april_2024.png,True,pass,pass
scotland-prt-branded-sample-pack,tenancy_agreement.pdf,audit/tenancy-package-final-remediation-2026-07-29/contact-sheets/scotland-prt-branded-sample-pack--tenancy_agreement.png,True,pass,pass
wales-fixed-branded-sample-pack,compliance_checklist.pdf,audit/tenancy-package-final-remediation-2026-07-29/contact-sheets/wales-fixed-branded-sample-pack--compliance_checklist.png,True,pass,pass
wales-fixed-branded-sample-pack,inventory_schedule.pdf,audit/tenancy-package-final-remediation-2026-07-29/contact-sheets/wales-fixed-branded-sample-pack--inventory_schedule.png,True,pass,pass
wales-fixed-branded-sample-pack,tenancy_agreement.pdf,audit/tenancy-package-final-remediation-2026-07-29/contact-sheets/wales-fixed-branded-sample-pack--tenancy_agreement.png,True,pass,pass
wales-periodic-branded-sample-pack,compliance_checklist.pdf,audit/tenancy-package-final-remediation-2026-07-29/contact-sheets/wales-periodic-branded-sample-pack--compliance_checklist.png,True,pass,pass
wales-periodic-branded-sample-pack,inventory_schedule.pdf,audit/tenancy-package-final-remediation-2026-07-29/contact-sheets/wales-periodic-branded-sample-pack--inventory_schedule.png,True,pass,pass
wales-periodic-branded-sample-pack,tenancy_agreement.pdf,audit/tenancy-package-final-remediation-2026-07-29/contact-sheets/wales-periodic-branded-sample-pack--tenancy_agreement.png,True,pass,pass
