{
  "ground": "serious_rent_arrears",
  "type": "mandatory",
  "category": "rent_arrears",
  "name": "Serious Rent Arrears",
  "short_description": "At least 2 months' (or 8 weeks') rent unpaid at notice and hearing",
  "legal_basis": {
    "act": "Renting Homes (Wales) Act 2016",
    "section": "Section 157, Schedule 8 Ground 8",
    "statute_year": "2016"
  },
  "requirements": {
    "threshold": "2 months' rent (monthly) or 8 weeks' rent (weekly) at notice and at hearing",
    "continuous": "Arrears must still meet threshold at the hearing"
  },
  "notice_period": {
    "minimum_days": 14,
    "reference": "Section 157 mandatory ground"
  },
  "evidence_required": [
    "Rent account/ledger showing arrears calculation",
    "Proof arrears meet threshold at notice date",
    "Proof arrears meet threshold at hearing date",
    "Payment schedule documentation"
  ],
  "success_factors": {
    "high_probability": [
      "Clear rent schedule with persistent arrears",
      "Arrears exceed threshold by significant margin"
    ],
    "risks": [
      "Arrears fall below threshold before hearing",
      "Dispute over rent calculation or housing benefit timing"
    ]
  }
}
