{
  "jurisdiction": "Wales",
  "statute": "Renting Homes (Wales) Act 2016",
  "last_updated": "2025-12-16",
  "notes": "Wales uses the Renting Homes (Wales) Act 2016, which replaced the Housing Act 1988 for Wales. Contract holders (not tenants) and landlords use different terminology and grounds. This file requires legal verification against current Welsh statute.",

  "grounds": {
    "serious_rent_arrears": {
      "code": "Serious Rent Arrears",
      "section": "Section 157 (Ground 8 equivalent)",
      "type": "mandatory",
      "title": "Serious Rent Arrears (Mandatory)",
      "description": "At least 2 months' rent unpaid at both the date of notice and date of hearing for monthly payments, or 8 weeks' rent for weekly payments.",
      "legal_reference": "Renting Homes (Wales) Act 2016, Schedule 8, Ground 8",
      "notice_period_days": 14,
      "mandatory": true,
      "required_evidence": [
        "Rent account showing arrears calculation",
        "Proof arrears meet threshold at notice date",
        "Proof arrears meet threshold at hearing date",
        "Payment schedule documentation"
      ],
      "notes": "Most common mandatory ground. Arrears must meet threshold at BOTH notice and hearing dates."
    },

    "persistent_rent_arrears": {
      "code": "Persistent Rent Arrears",
      "section": "Section 157 (Ground 8A equivalent)",
      "type": "mandatory",
      "title": "Persistent Rent Arrears (Mandatory)",
      "description": "Rent arrears equivalent to 2 months' rent (monthly tenancy) or 8 weeks' rent (weekly tenancy) have accrued at least three times in the past 3 years.",
      "legal_reference": "Renting Homes (Wales) Act 2016, Schedule 8, Ground 8A",
      "notice_period_days": 14,
      "mandatory": true,
      "required_evidence": [
        "Rent account showing pattern of arrears",
        "Documentation of at least 3 instances of arrears threshold being reached",
        "Proof of arrears history over 3-year period"
      ],
      "notes": "Addresses repeated arrears even if currently paid. Pattern of behavior ground."
    },

    "some_rent_arrears": {
      "code": "Some Rent Arrears",
      "section": "Section 159 (Ground 10 equivalent)",
      "type": "discretionary",
      "title": "Some Rent Arrears (Discretionary)",
      "description": "Some rent is unpaid at the date of notice and at the date of hearing, but less than the serious arrears threshold.",
      "legal_reference": "Renting Homes (Wales) Act 2016, Schedule 9, Ground 10",
      "notice_period_days": 56,
      "mandatory": false,
      "required_evidence": [
        "Rent account showing current arrears",
        "Payment history",
        "Correspondence regarding arrears"
      ],
      "notes": "Discretionary ground. Court considers reasonableness, tenant's circumstances, and proportionality."
    },

    "breach_of_contract": {
      "code": "Breach of Contract",
      "section": "Section 159 (Ground 12 equivalent)",
      "type": "discretionary",
      "title": "Breach of Occupation Contract",
      "description": "The contract-holder has broken a term of the occupation contract (other than non-payment of rent).",
      "legal_reference": "Renting Homes (Wales) Act 2016, Schedule 9, Ground 12",
      "notice_period_days": 56,
      "mandatory": false,
      "required_evidence": [
        "Copy of occupation contract showing term breached",
        "Evidence of breach (photos, correspondence, witness statements)",
        "Record of landlord's attempts to remedy",
        "Warning letters to contract-holder"
      ],
      "notes": "Common breaches: unauthorized occupants, pets against contract, subletting, property condition."
    },

    "antisocial_behaviour": {
      "code": "Anti-Social Behaviour",
      "section": "Section 159 (Ground 14 equivalent)",
      "type": "discretionary",
      "title": "Anti-Social Behaviour or Criminal Activity",
      "description": "The contract-holder or person residing in or visiting the property has engaged in conduct causing nuisance or annoyance, or has been convicted of certain criminal offences.",
      "legal_reference": "Renting Homes (Wales) Act 2016, Schedule 9, Ground 14",
      "notice_period_days": 56,
      "mandatory": false,
      "required_evidence": [
        "Incident logs from neighbors or landlord",
        "Police reports or crime reference numbers",
        "Witness statements",
        "Warning letters",
        "Court conviction records (if applicable)"
      ],
      "notes": "Includes nuisance, illegal use of property, criminal conviction, domestic violence. Court considers severity."
    },

    "property_deterioration": {
      "code": "Property Deterioration",
      "section": "Section 159 (Ground 13 equivalent)",
      "type": "discretionary",
      "title": "Deterioration of Property",
      "description": "The condition of the dwelling has deteriorated due to acts of waste or neglect by the contract-holder or other occupiers.",
      "legal_reference": "Renting Homes (Wales) Act 2016, Schedule 9, Ground 13",
      "notice_period_days": 56,
      "mandatory": false,
      "required_evidence": [
        "Photos showing property damage",
        "Inventory comparison (move-in vs. current)",
        "Professional damage assessment",
        "Correspondence about property condition"
      ],
      "notes": "Excludes fair wear and tear. Must show deliberate or negligent damage beyond normal use."
    },

    "false_statement": {
      "code": "False Statement",
      "section": "Section 159 (Ground 17 equivalent)",
      "type": "discretionary",
      "title": "False Statement Induced Grant of Contract",
      "description": "The contract was granted on the basis of a false statement made knowingly or recklessly by the contract-holder or someone acting at their instigation.",
      "legal_reference": "Renting Homes (Wales) Act 2016, Schedule 9, Ground 17",
      "notice_period_days": 56,
      "mandatory": false,
      "required_evidence": [
        "Application form or documents containing false information",
        "Evidence of the true facts",
        "Proof statement was material to granting the contract",
        "Evidence contract-holder knew statement was false"
      ],
      "notes": "Common examples: false employment, false references, undisclosed pets, undeclared occupants."
    },

    "suitable_alternative_accommodation": {
      "code": "Suitable Alternative Accommodation",
      "section": "Section 159 (Ground 9 equivalent)",
      "type": "discretionary",
      "title": "Suitable Alternative Accommodation Available",
      "description": "Suitable alternative accommodation is or will be available to the contract-holder when the possession order takes effect.",
      "legal_reference": "Renting Homes (Wales) Act 2016, Schedule 9, Ground 9",
      "notice_period_days": 56,
      "mandatory": false,
      "required_evidence": [
        "Details of alternative accommodation",
        "Proof accommodation is suitable (size, location, facilities)",
        "Proof accommodation is affordable",
        "Confirmation accommodation will be available"
      ],
      "notes": "Rarely used in private sector. More common in social housing reorganization."
    }
  },

  "section_173_no_fault": {
    "description": "Section 173 notices are no-fault notices available after the fixed term ends. They do not require grounds to be specified, only proper notice period.",
    "legal_reference": "Renting Homes (Wales) Act 2016, Section 173",
    "minimum_notice_period_days": 6,
    "notes": "Section 173 replaced Section 21 in Wales. Unlike fault-based grounds above, no reason required. Notice period depends on occupation contract type and length of occupation. Standard contracts: 6 months minimum occupation before notice can be served, then 6 months' notice required. Cannot be used in first 6 months of occupation."
  },

  "verification_required": {
    "warning": "This file is based on legal research but requires verification by a Welsh property law specialist against the current Renting Homes (Wales) Act 2016 statute and any amendments.",
    "last_verified_by": null,
    "verification_date": null,
    "recommended_review_frequency": "Every 6 months or when Welsh housing law changes"
  }
}
