route,viewport,width,http_status,h1_count,h1,horizontal_overflow,visible_image_count,media_failures,console_errors,critical_network_failures,screenshot_result,duplicate_cta_result,hero_height_px,hero_result,largest_vertical_gap_px,gap_result,media_result,hydration_result,console_result,network_result,accessibility_result,keyboard_result,navigation_error,full_screenshot,first_viewport_screenshot,result
/products/notice-only,desktop,1440,200,1,Create a Section 8 eviction notice and service file,no,21,0,0,0,PASS,PASS,835,PASS,198,PASS,PASS,PASS,PASS,PASS,PASS,PASS,,screenshots/products-notice-only-desktop-full.png,screenshots/products-notice-only-desktop-first.png,PASS
/products/complete-pack,desktop,1440,200,1,Section 8 possession claim pack with N5 and N119,no,21,0,0,0,PASS,PASS,868,PASS,146,PASS,PASS,PASS,PASS,PASS,PASS,PASS,,screenshots/products-complete-pack-desktop-full.png,screenshots/products-complete-pack-desktop-first.png,PASS
/products/money-claim,desktop,1440,200,1,Recover unpaid rent with a landlord money claim pack,no,12,0,0,0,PASS,PASS,835,PASS,137,PASS,PASS,PASS,PASS,PASS,PASS,PASS,,screenshots/products-money-claim-desktop-full.png,screenshots/products-money-claim-desktop-first.png,PASS
/products/ast,desktop,1440,200,1,Create the right Englandtenancy agreement for the let,no,11,0,0,0,PASS,PASS,841,PASS,179,PASS,PASS,PASS,PASS,PASS,PASS,PASS,,screenshots/products-ast-desktop-full.png,screenshots/products-ast-desktop-first.png,PASS
/products/section-13-standard,desktop,1440,200,1,Create a Form 4A rent increase pack with market evidence.,no,7,0,0,0,PASS,PASS,862,PASS,196,PASS,PASS,PASS,PASS,PASS,PASS,PASS,,screenshots/products-section-13-standard-desktop-full.png,screenshots/products-section-13-standard-desktop-first.png,PASS
/tools/hmo-license-checker,desktop,1440,200,1,HMO License Checker,no,4,0,0,0,PASS,PASS,,PASS,217,PASS,PASS,PASS,PASS,PASS,PASS,PASS,,screenshots/tools-hmo-license-checker-desktop-full.png,screenshots/tools-hmo-license-checker-desktop-first.png,PASS
/tools/rent-arrears-calculator,desktop,1440,200,1,Rent Arrears Calculator,no,4,0,0,0,PASS,PASS,,PASS,161,PASS,PASS,PASS,PASS,PASS,PASS,PASS,,screenshots/tools-rent-arrears-calculator-desktop-full.png,screenshots/tools-rent-arrears-calculator-desktop-first.png,PASS
/blog/how-to-write-letter-before-action-unpaid-rent,desktop,1440,200,1,How to Write a Letter Before Action for Unpaid Rent,no,26,0,0,0,PASS,PASS,,PASS,133,PASS,PASS,PASS,PASS,PASS,PASS,PASS,,screenshots/blog-how-to-write-letter-before-action-unpaid-rent-desktop-full.png,screenshots/blog-how-to-write-letter-before-action-unpaid-rent-desktop-first.png,PASS
/blog/bailiff-eviction-day-what-to-expect,desktop,1440,200,1,Bailiff Eviction Day - What to Expect (England Guide),no,29,0,0,0,PASS,PASS,,PASS,133,PASS,PASS,PASS,PASS,PASS,PASS,PASS,,screenshots/blog-bailiff-eviction-day-what-to-expect-desktop-full.png,screenshots/blog-bailiff-eviction-day-what-to-expect-desktop-first.png,PASS
/eviction-cost-uk,desktop,1440,200,1,Eviction Cost UK Guide,no,6,0,0,0,PASS,PASS,,PASS,232,PASS,PASS,PASS,PASS,PASS,PASS,PASS,,screenshots/eviction-cost-uk-desktop-full.png,screenshots/eviction-cost-uk-desktop-first.png,PASS
/how-to-rent-guide,desktop,1440,200,1,How to Rent compliance check before notice or tenancy,no,5,0,0,0,PASS,PASS,,PASS,172,PASS,PASS,PASS,PASS,PASS,PASS,PASS,,screenshots/how-to-rent-guide-desktop-full.png,screenshots/how-to-rent-guide-desktop-first.png,PASS
/n5-n119-possession-claim,desktop,1440,200,1,Prepare N5 and N119 court papers after notice,no,9,0,0,0,PASS,PASS,,PASS,161,PASS,PASS,PASS,PASS,PASS,PASS,PASS,,screenshots/n5-n119-possession-claim-desktop-full.png,screenshots/n5-n119-possession-claim-desktop-first.png,PASS
/section-8-grounds/how-to-evict-a-tenant-using-ground-1a,desktop,1440,200,1,How to Evict a Tenant Using Ground 1A - Selling the Property,no,7,0,0,0,PASS,PASS,,PASS,170,PASS,PASS,PASS,PASS,PASS,PASS,PASS,,screenshots/section-8-grounds-how-to-evict-a-tenant-using-ground-1a-desktop-full.png,screenshots/section-8-grounds-how-to-evict-a-tenant-using-ground-1a-desktop-first.png,PASS
