{
  "ground": "16",
  "category": "temporary_let",
  "name": "Temporary Let to Person Seeking Employment",
  "short_description": "Property let temporarily to person seeking employment in area",
  "legal_basis": {
    "act": "Private Housing (Tenancies) (Scotland) Act 2016",
    "section": "Schedule 3, Ground 16",
    "statute_year": "2016"
  },
  "requirements": {
    "temporary_purpose": {
      "reason": "Tenant seeking employment in locality when let began",
      "cessation": "Tenant no longer seeking employment or found employment elsewhere"
    },
    "notice_requirement": {
      "notice_to_leave": "Must serve Notice to Leave",
      "minimum_period": "84 days"
    }
  },
  "notice_period": {
    "notice_to_leave": "84 days",
    "tribunal_application": "After notice period expires"
  },
  "evidence_required": [
    "Tenancy agreement showing temporary purpose",
    "Evidence tenant was seeking employment",
    "Evidence circumstances have changed",
    "Job search records"
  ],
  "typical_timeline": {
    "notice_period": "84 days",
    "tribunal_proceedings": "3-6 months",
    "total": "6-9 months"
  },
  "notes": "Rarely used. Must prove tenancy was granted specifically for employment-seeking purpose and circumstances changed."
}
