{
  "ground": "4",
  "type": "mandatory",
  "category": "student_accommodation",
  "name": "Student Accommodation Out of Term",
  "short_description": "Property let to students, required for educational use",
  "legal_basis": {
    "act": "Housing Act 1988",
    "section": "Schedule 2, Ground 4",
    "statute_year": "1988"
  },
  "requirements": {
    "notice_requirement": {
      "type": "written_notice",
      "timing": "Before or at start of tenancy",
      "content": "Notice must state possession may be recovered under Ground 4",
      "exception": "Court may dispense if just and equitable"
    },
    "prior_use": {
      "period": "Within 12 months before tenancy began",
      "use": "Occupied by students at educational institution",
      "proof_required": "Evidence of student occupation"
    },
    "tenancy_duration": {
      "maximum": "12 months",
      "type": "Fixed term assured shorthold tenancy"
    },
    "future_use": {
      "requirement": "Property required for student occupation",
      "timing": "For next academic term/year"
    }
  },
  "notice_period": {
    "section_8_notice": "2 months minimum",
    "court_proceedings": "Can be started after notice expires"
  },
  "evidence_required": [
    "Written notice given at tenancy start",
    "Tenancy agreement (12 months or less)",
    "Evidence of prior student use (previous tenancy agreements with students, university accommodation records)",
    "Proof property used for students within 12 months before current tenancy",
    "Evidence of future student need (university accommodation agreements, advance bookings)",
    "University or educational institution confirmation"
  ],
  "success_factors": {
    "high_probability": [
      "Clear written notice at tenancy start",
      "Strong evidence of prior student use",
      "Tenancy is 12 months or less",
      "Genuine need for student accommodation",
      "Academic year approaching",
      "University accommodation contracts in place",
      "Property historically used for students"
    ],
    "medium_probability": [
      "Notice given but informal",
      "Some evidence of student use but limited",
      "Intention to resume student letting is genuine but no firm agreements"
    ],
    "low_probability": [
      "No notice given and court refuses to dispense",
      "Tenancy exceeds 12 months",
      "Cannot prove student use within prior 12 months",
      "No genuine need for student accommodation",
      "Property not suitable for student letting",
      "No relationship with educational institutions"
    ]
  },
  "red_flags": [
    "No written notice given at start",
    "Tenancy exceeds 12 months",
    "No evidence of prior student occupation",
    "Property never used for students",
    "Landlord has no university accommodation agreements",
    "No HMO license (if property requires one)",
    "Claim appears to be pretext for eviction"
  ],
  "typical_timeline": {
    "notice_period": "2 months",
    "court_proceedings": "4-6 months",
    "total": "6-8 months",
    "seasonal_note": "Usually timed to regain possession before September term starts"
  },
  "costs": {
    "court_fee": 355,
    "bailiff_fee": 130,
    "legal_costs": "£1,000-£2,500 if represented"
  },
  "tenant_defenses": [
    "No notice given and no good reason to dispense",
    "Tenancy exceeds 12 months",
    "Property not used for students in prior 12 months",
    "No genuine need for student accommodation",
    "Landlord using ground as pretext",
    "HMO licensing issues (could delay but not prevent)"
  ],
  "related_grounds": ["3"],
  "notes": "Ground 4 is MANDATORY but rarely used. Most common near universities. Landlords must prove genuine student letting history and future need.",
  "case_law": [
    "University of Reading v Johnson-Houghton [1985] - Student use must be established",
    "Cove v Flick [2001] - Future need for student accommodation must be genuine"
  ]
}
