{
  "ground": "1",
  "type": "mandatory",
  "category": "landlord_occupation",
  "name": "Landlord Previously Occupied",
  "short_description": "Landlord or family member previously occupied as main residence",
  "legal_basis": {
    "act": "Housing Act 1988",
    "section": "Schedule 2, Ground 1",
    "statute_year": "1988"
  },
  "requirements": {
    "notice_requirement": {
      "type": "written_notice",
      "timing": "Before or at start of tenancy",
      "content": "Notice must state landlord may recover possession under Ground 1",
      "exception": "Court may dispense if just and equitable"
    },
    "prior_occupation": {
      "who": ["landlord", "landlord_spouse", "landlord_civil_partner"],
      "when": "At some time before letting",
      "type": "Only or principal home"
    },
    "current_requirement": {
      "who": ["landlord", "landlord_spouse", "landlord_civil_partner"],
      "need": "Requires dwelling as only or principal home",
      "timing": "At time of court proceedings"
    }
  },
  "notice_period": {
    "section_8_notice": "2 months minimum",
    "court_proceedings": "Can be started after notice expires"
  },
  "evidence_required": [
    "Proof of prior occupation (utility bills, council tax, electoral roll)",
    "Written notice given at tenancy start",
    "Tenancy agreement showing notice clause",
    "Current requirement for property (e.g., sale of current home, job relocation)",
    "Landlord or family member statement/affidavit"
  ],
  "success_factors": {
    "high_probability": [
      "Clear written notice at tenancy start",
      "Documentary evidence of prior occupation",
      "Genuine current need demonstrated",
      "No alternative accommodation for landlord"
    ],
    "medium_probability": [
      "Notice given but informal",
      "Court discretion on notice requirement",
      "Prior occupation provable but evidence limited"
    ],
    "low_probability": [
      "No notice given and court refuses to dispense",
      "Cannot prove prior occupation",
      "Current need questionable or speculative",
      "Landlord has alternative accommodation"
    ]
  },
  "red_flags": [
    "No written notice given at start",
    "Cannot prove prior occupation",
    "Landlord bought property as investment (never lived there)",
    "Current need is not genuine",
    "Tenant is vulnerable and Ground 1 claim appears retaliatory"
  ],
  "typical_timeline": {
    "notice_period": "2 months",
    "court_proceedings": "4-6 months",
    "total": "6-8 months"
  },
  "costs": {
    "court_fee": 355,
    "bailiff_fee": 130,
    "legal_costs": "£1,000-£2,500 if represented"
  },
  "tenant_defenses": [
    "No notice given and no good reason to dispense",
    "Landlord never occupied property",
    "Landlord has alternative accommodation",
    "Claim is retaliatory (doesn't prevent possession but affects damages)"
  ],
  "related_grounds": ["2"],
  "notes": "Ground 1 is MANDATORY - if proved, court MUST grant possession. However, strict notice requirements mean many claims fail on technicality.",
  "case_law": [
    "Boyle v Verrall [1997] - Court can dispense with notice requirement if just and equitable",
    "Fernandes v Parvardin [1982] - Prior occupation must be proved on balance of probabilities"
  ]
}
