{
  "ground": "10",
  "type": "discretionary",
  "category": "rent_arrears",
  "name": "Rent Arrears (Some)",
  "short_description": "Some rent arrears at notice or hearing date",
  "legal_basis": {
    "act": "Housing Act 1988",
    "section": "Schedule 2, Ground 10",
    "statute_year": "1988"
  },
  "requirements": {
    "arrears_at_notice": {
      "requirement": "Some rent unpaid at date Section 8 notice served",
      "note": "No minimum threshold - even £1 qualifies"
    },
    "arrears_at_hearing": {
      "requirement": "Some rent unpaid at date of hearing (can be different arrears)",
      "alternative": "OR arrears at notice date, even if cleared by hearing"
    }
  },
  "notice_period": {
    "section_8_notice": "2 months minimum (NOT 2 weeks)",
    "court_proceedings": "Can be started after 2 months"
  },
  "evidence_required": [
    "Rent account showing arrears at notice date",
    "Section 8 notice correctly served",
    "Current arrears position at hearing",
    "Tenancy agreement with rent amount",
    "Payment history",
    "Any correspondence about arrears"
  ],
  "success_factors": {
    "high_probability": [
      "Persistent arrears over long period",
      "Substantial arrears amount",
      "Tenant made no effort to pay",
      "Broken payment arrangements repeatedly",
      "No engagement from tenant",
      "Arrears increasing",
      "Reasonable to grant possession considering all circumstances"
    ],
    "medium_probability": [
      "Moderate arrears",
      "Some payment attempts made",
      "Tenant engaging but struggling",
      "Payment plan proposed but not kept",
      "Balancing act on reasonableness"
    ],
    "low_probability": [
      "Very small arrears (e.g., under £100)",
      "Arrears cleared by hearing",
      "Genuine Housing Benefit delays",
      "First instance of arrears",
      "Tenant making regular payments to reduce arrears",
      "Disrepair counterclaim",
      "Not reasonable to grant possession"
    ]
  },
  "red_flags": [
    "Minimal arrears",
    "Housing Benefit administration issues",
    "Tenant has disrepair counterclaim",
    "Retaliatory eviction",
    "Landlord not followed pre-action protocol",
    "Tenant is vulnerable",
    "Arrears caused by landlord's failures",
    "First missed payment only"
  ],
  "typical_timeline": {
    "notice_period": "2 months",
    "court_proceedings": "6-10 months",
    "total": "8-12 months",
    "note": "Slower than Ground 8 due to discretionary nature"
  },
  "costs": {
    "court_fee": 355,
    "bailiff_fee": 130,
    "legal_costs": "£1,000-£2,500",
    "recoverable_rent": "Can claim arrears plus ongoing rent"
  },
  "tenant_defenses": [
    "Arrears are minimal",
    "Housing Benefit or Universal Credit delays",
    "Disrepair counterclaim",
    "Not reasonable to grant possession",
    "Arrears cleared by hearing",
    "Making payments as agreed",
    "Financial difficulty (job loss, illness)",
    "Retaliatory eviction (complained about repairs)",
    "Landlord not followed pre-action protocol"
  ],
  "related_grounds": ["8", "11"],
  "notes": "Ground 10 is DISCRETIONARY - most flexible rent arrears ground. No minimum threshold. Often used as backup to Ground 8. Court will consider reasonableness: amount, duration, reasons, tenant efforts, vulnerability. Pre-action protocol important.",
  "case_law": [
    "Hayman v Rowlands [1957] - Court considers all circumstances",
    "Greenwich LBC v Regan [1996] - Small arrears rarely justify possession",
    "Lambeth LBC v Howard [2001] - Reasonableness includes tenant's conduct",
    "Manchester CC v Pinnock [2010] - Proportionality under Article 8 ECHR"
  ],
  "court_considerations": [
    "What is the amount of arrears?",
    "How long have arrears persisted?",
    "What caused the arrears?",
    "Has tenant tried to pay or engage?",
    "Are there Housing Benefit issues?",
    "Is tenant vulnerable?",
    "Has landlord followed pre-action protocol?",
    "Would possession be proportionate?",
    "Can arrears be managed by payment plan?",
    "Is it reasonable in all circumstances?"
  ],
  "pre_action_protocol": {
    "importance": "Courts expect landlords to follow",
    "steps": [
      "Contact tenant about arrears",
      "Give opportunity to pay or arrange payment plan",
      "Consider underlying causes",
      "Provide information about money advice",
      "Consider housing benefit assistance"
    ],
    "failure": "Not following protocol may mean possession refused or costs penalty"
  },
  "suspended_possession_order": {
    "likelihood": "Common for Ground 10",
    "conditions": "Tenant pays current rent plus arrears installments",
    "benefit": "Tenant can retain home if payments maintained",
    "note": "Court often gives tenant chance to pay rather than immediate eviction"
  }
}
