{
  "jurisdiction": "northern-ireland",
  "name": "Northern Ireland",
  "legal_system": "Private Tenancies (Northern Ireland) Order 2006",
  "eviction_supported": false,
  "supported_products": [
    "private_tenancy_agreement_standard",
    "private_tenancy_agreement_premium",
    "deposit_protection_certificate",
    "inventory_template"
  ],
  "tenancy_types": {
    "private_tenancy": {
      "introduced": "2007-04-01",
      "replaces": "Controlled and regulated tenancies",
      "notes": [
        "Tenancy agreements must comply with the Private Tenancies (NI) Order 2006",
        "Deposit protection within 14 days is mandatory"
      ]
    }
  },
  "key_legislation": [
    {
      "act": "Private Tenancies (Northern Ireland) Order 2006",
      "key_provisions": ["Definition of private tenancies", "Deposit protection", "Fitness standard"]
    },
    {
      "act": "Rent (Northern Ireland) Order 1978",
      "key_provisions": ["Rent regulation for certain legacy tenancies"]
    },
    {
      "act": "Housing (Northern Ireland) Order 1983",
      "key_provisions": ["HMO registration requirements"]
    }
  ],
  "deposit_protection": {
    "required": true,
    "scheme": "Tenancy Deposit Scheme Northern Ireland (TDS NI)",
    "deadline": "14 days from receipt of deposit",
    "cap": "No statutory cap but must be reasonable (typically 1 month's rent)"
  },
  "landlord_registration": {
    "required": false,
    "note": "No general landlord registration (unlike Scotland)",
    "exception": "HMO landlords must hold a certificate"
  },
  "hmo_licensing": {
    "mandatory_hmo": {
      "trigger": "Property occupied by 3+ persons from 2+ households",
      "certificate": "HMO certificate required from NIHE (Northern Ireland Housing Executive)"
    },
    "licensing_authority": "Northern Ireland Housing Executive",
    "penalty": "Criminal offence to operate HMO without certificate"
  },
  "rent_controls": {
    "general": "No general rent controls",
    "regulated_tenancies": "Some legacy tenancies have rent controls"
  },
  "tenant_protections": {
    "notice_period": "Minimum 28 days for periodic tenancies",
    "court_order_required": "Must obtain possession order for eviction",
    "deposit_protection": "Mandatory scheme",
    "fitness_standard": "Landlord's statutory fitness duty"
  },
  "key_differences": {
    "from_england_wales": [
      "Different deposit scheme (TDS NI only)",
      "Shorter deposit protection deadline (14 days vs 30)",
      "No Section 8/21 notices in scope (only tenancy agreements)",
      "Different court system and procedures",
      "No landlord registration requirement"
    ],
    "from_scotland": [
      "No PRT system",
      "No First-tier Tribunal",
      "No landlord registration",
      "Different HMO thresholds",
      "No rent caps or pressure zones",
      "No penalties for misuse of eviction grounds because eviction automation is unsupported"
    ]
  }
}
