{
  "source_id": "ew_possession_procedure",
  "fetched_at": "2025-12-05T01:56:07.628Z",
  "jurisdiction": "england-wales",
  "category": "procedure",
  "raw_text": "Possession Claim Online: recover property - GOV.UK\nCookies on GOV.UK\nWe use some essential cookies to make this website work.\nWe’d like to set additional cookies to understand how you use GOV.UK, remember your settings and improve government services.\nWe also use cookies set by other sites to help us deliver content from their services.\nYou have accepted additional cookies.  You can  change your cookie settings  at any time.\nYou have rejected additional cookies.  You can  change your cookie settings  at any time.\nAccept additional cookies\nReject additional cookies\nView cookies\nHide cookie message\nSkip to main content\nGOV.UK\nNavigation menu\nMenu\nMenu\nServices and information\nBenefits\nBirths, death, marriages and care\nBusiness and self-employed\nChildcare and parenting\nCitizenship and living in the UK\nCrime, justice and the law\nDisabled people\nDriving and transport\nEducation and learning\nEmploying people\nEnvironment and countryside\nHousing and local services\nMoney and tax\nPassports, travel and living abroad\nVisas and immigration\nWorking, jobs and pensions\nGovernment activity\nDepartments\nDepartments, agencies and public bodies\nNews\nNews stories, speeches, letters and notices\nGuidance and regulation\nDetailed guidance, regulations and rules\nResearch and statistics\nReports, analysis and official statistics\nPolicy papers and consultations\nConsultations and strategy\nTransparency\nData, Freedom of Information releases and corporate reports\nSearch GOV.UK\n&times;\nSearch GOV.UK\nSearch\nSearch GOV.UK\nSearch\nHome\nBusiness and self-employed\nBusiness debt and bankruptcy\nPossession Claim Online: recover property\nYou can take court action to repossess a property if you’re owed money for rent or a mortgage, and the tenant or mortgage holder will not pay.\nYou can only use this service if:\nyou’re over 18\nyou own a property in England\nyou’re owed money in rent or mortgage payments for a residential property\nYou cannot use this service if you’re  applying for help with fees  - you must apply by post instead.\nYou cannot take court action to repossess a property if you’re told that someone is temporarily protected from creditors through the ‘Breathing Space’ scheme. Find out  what to do when someone is using the ‘Breathing Space’ scheme .\nYou’ll have to pay £404 using a debit or credit card or Direct Debit.\nStart now\non the Possession Claim Online website\nBefore you start\nIf your property is in Wales\nYou will need to  complete the forms  and send them to your  local county court .\nYou can pay the £404 fee using a debit or credit card or Direct Debit. You can also send a cheque or postal order, or pay at the court.\nWhen you send the forms, you will also need to include one of the following:\nthe help with fees reference number\na contact number if you want to pay the fee over the phone\nIf your property is in Scotland or Northern Ireland\nIf your property’s in Scotland you can use your  local sheriff court .\nThere’s a  different process in Northern Ireland .\nApply by post\nYou can also apply by post. You’ll need to download and fill in a  claim form  and return it to your  local county court .\nGet help with your claim\nContact the Possession Claim Online help desk if you need help or advice.\nPossession Claim Online help desk\npcolitassistance@justice.gov.uk\nTelephone: 0300 123 5577\nMonday to Friday, 8:30am to 5pm\nFind out about call charges\nRelated content\nEvicting tenants in England\nExplore the topic\nBusiness debt and bankruptcy\nBeing a landlord and renting out a room\nCourt claims, debt and bankruptcy\nIs this page useful?\nMaybe\nYes  this page is useful\nNo  this page is not useful\nThank you for your feedback\nReport a problem with this page\nHelp us improve GOV.UK\nDon’t include personal or financial information like your National Insurance number or credit card details.\nThis field is for robots only. Please leave blank\nWhat were you doing?\nWhat went wrong?\nSend\nCancel\nHelp us improve GOV.UK\nTo help us improve GOV.UK, we’d like to know more about your visit today.\nPlease fill in this survey (opens in a new tab  and requires JavaScript ) .\nCancel\nServices and information\nBenefits\nBirths, death, marriages and care\nBusiness and self-employed\nChildcare and parenting\nCitizenship and living in the UK\nCrime, justice and the law\nDisabled people\nDriving and transport\nEducation and learning\nEmploying people\nEnvironment and countryside\nHousing and local services\nMoney and tax\nPassports, travel and living abroad\nVisas and immigration\nWorking, jobs and pensions\nGovernment activity\nDepartments\nNews\nGuidance and regulation\nResearch and statistics\nPolicy papers and consultations\nTransparency\nHow government works\nGet involved\nSupport links\nHelp\nPrivacy\nCookies\nAccessibility statement\nContact\nTerms and conditions\nRhestr o Wasanaethau Cymraeg\nGovernment Digital Service\nAll content is available under the  Open Government Licence v3.0 , except where otherwise stated\n© Crown copyright",
  "hash": "8f66f7444f111115c86891d3f21d59382b12a92f7f679aaa1884e887345bc323"
}