{
  "ground": "5",
  "type": "mandatory",
  "category": "religious_occupation",
  "name": "Minister of Religion Accommodation",
  "short_description": "Property held for occupation by minister of religion",
  "legal_basis": {
    "act": "Housing Act 1988",
    "section": "Schedule 2, Ground 5",
    "statute_year": "1988"
  },
  "requirements": {
    "notice_requirement": {
      "type": "written_notice",
      "timing": "Before or at start of tenancy",
      "content": "Notice must state possession may be recovered under Ground 5",
      "exception": "Court may dispense if just and equitable"
    },
    "property_holding": {
      "holder": "Person or organization holding property",
      "purpose": "For occupation by minister of religion",
      "evidence": "Trust deed, church ownership documents, diocesan records"
    },
    "current_requirement": {
      "who": "Minister of religion",
      "need": "Requires dwelling for residence in performing religious duties",
      "employer": "Minister must be employed by holder of property or organization"
    }
  },
  "notice_period": {
    "section_8_notice": "2 months minimum",
    "court_proceedings": "Can be started after notice expires"
  },
  "evidence_required": [
    "Written notice given at tenancy start",
    "Tenancy agreement showing notice clause",
    "Proof of property ownership by religious organization",
    "Trust deed or church documents showing purpose",
    "Evidence minister requires accommodation (employment contract, church appointment letter)",
    "Minister's statement of need",
    "Church or religious organization confirmation"
  ],
  "success_factors": {
    "high_probability": [
      "Clear written notice at tenancy start",
      "Property clearly held for religious purposes",
      "Genuine minister appointed and requires accommodation",
      "Strong documentation from religious organization",
      "Minister has formal employment contract",
      "No alternative accommodation for minister"
    ],
    "medium_probability": [
      "Notice given but informal",
      "Property ownership by religious organization provable but documentation limited",
      "Minister's need is genuine but alternative accommodation may exist"
    ],
    "low_probability": [
      "No notice given and court refuses to dispense",
      "Cannot prove property held for religious purposes",
      "No genuine minister requiring accommodation",
      "Minister has alternative accommodation",
      "Religious organization has other suitable properties"
    ]
  },
  "red_flags": [
    "No written notice given at start",
    "Property not owned by religious organization",
    "No trust deed or evidence of religious purpose",
    "No minister appointed or requiring accommodation",
    "Alternative accommodation available",
    "Claim appears to be pretext for eviction",
    "Religious organization cannot confirm need"
  ],
  "typical_timeline": {
    "notice_period": "2 months",
    "court_proceedings": "4-6 months",
    "total": "6-8 months"
  },
  "costs": {
    "court_fee": 355,
    "bailiff_fee": 130,
    "legal_costs": "£1,000-£2,500 if represented (often borne by religious organization)"
  },
  "tenant_defenses": [
    "No notice given and no good reason to dispense",
    "Property not held for religious purposes",
    "No genuine minister requiring accommodation",
    "Minister has alternative accommodation",
    "Religious organization has other suitable properties",
    "Claim is retaliatory or discriminatory"
  ],
  "related_grounds": [],
  "notes": "Ground 5 is MANDATORY but very rarely used. Most common with Church of England and Catholic Church properties. Strict requirements on proving religious purpose and minister's need.",
  "case_law": [
    "Diocese of Southwark v Coker [1998] - Religious purpose must be established",
    "Archbishop of Canterbury v Williamson [1991] - Minister's need must be genuine and immediate"
  ]
}
