{
  "ground": "11",
  "type": "discretionary",
  "category": "rent_delays",
  "name": "Persistent Delay in Paying Rent",
  "short_description": "Tenant persistently delays rent even if no arrears",
  "legal_basis": {
    "act": "Housing Act 1988",
    "section": "Schedule 2, Ground 11",
    "statute_year": "1988"
  },
  "requirements": {
    "persistent_delay": {
      "pattern": "Repeated late payments of rent",
      "frequency": "Regular pattern of delay",
      "note": "No current arrears required"
    },
    "whether_arrears": {
      "note": "Can be used even if rent fully paid eventually",
      "key": "Pattern of lateness is the issue, not amount owed"
    }
  },
  "notice_period": {
    "section_8_notice": "2 months minimum",
    "court_proceedings": "Can be started after 2 months"
  },
  "evidence_required": [
    "Detailed rent account showing payment dates",
    "Tenancy agreement showing when rent due",
    "Pattern of late payments over several months",
    "Any correspondence about late payments",
    "Warnings given to tenant",
    "Current arrears position (if any)"
  ],
  "success_factors": {
    "high_probability": [
      "Clear pattern of late payments (e.g., 6+ months)",
      "Rent consistently paid late by weeks",
      "Multiple warnings given",
      "No improvement despite warnings",
      "Tenant offered no explanation",
      "Causing inconvenience to landlord",
      "Reasonable to grant possession"
    ],
    "medium_probability": [
      "Moderate pattern of lateness",
      "Some months paid on time, others late",
      "Tenant has explanations but pattern continues",
      "Recently improved but past pattern significant"
    ],
    "low_probability": [
      "Only 2-3 late payments",
      "Recent improvement shown",
      "Genuine reasons for delays (e.g., pay date mismatch)",
      "Tenant now paying on time",
      "Delays only by few days",
      "No real prejudice to landlord",
      "Not reasonable to grant possession"
    ]
  },
  "red_flags": [
    "Limited instances of lateness",
    "Tenant has rectified pattern",
    "Genuine reasons for delays",
    "Housing Benefit payment schedule causes delays",
    "Universal Credit payment schedule",
    "No warnings given by landlord",
    "Delays are minimal (1-2 days)",
    "Retaliatory eviction context"
  ],
  "typical_timeline": {
    "notice_period": "2 months",
    "court_proceedings": "6-10 months",
    "total": "8-12 months"
  },
  "costs": {
    "court_fee": 355,
    "bailiff_fee": 130,
    "legal_costs": "£1,000-£2,500"
  },
  "tenant_defenses": [
    "Pattern not persistent enough",
    "Recent improvement demonstrated",
    "Genuine reasons for delays",
    "Housing Benefit/Universal Credit payment dates",
    "Landlord never raised concerns",
    "Delays are minimal",
    "No prejudice to landlord",
    "Not reasonable to grant possession",
    "Tenant now paying by standing order to prevent delays"
  ],
  "related_grounds": ["8", "10"],
  "notes": "Ground 11 is DISCRETIONARY and rarely used alone. Useful where tenant eventually pays but always late. Court considers pattern, reasons, warnings, prejudice, and reasonableness. Often combined with Grounds 8 or 10 if arrears also exist.",
  "case_law": [
    "Holloway v Povey [1984] - Must show persistent pattern, not isolated instances",
    "Bird v Hildage [1948] - Court considers reasonableness of granting possession",
    "Hayman v Rowlands [1957] - Tenant's reasons for delays relevant"
  ],
  "court_considerations": [
    "How persistent is the pattern? (How many months?)",
    "How late are payments typically?",
    "Has tenant been warned?",
    "What are tenant's reasons?",
    "Has pattern improved?",
    "What prejudice to landlord?",
    "Is it reasonable to grant possession?",
    "Could issue be resolved by standing order/direct debit?"
  ],
  "landlord_actions": {
    "before_notice": [
      "Document all late payments with dates",
      "Send written reminders/warnings",
      "Explain consequences of continued lateness",
      "Offer to set up standing order/direct debit",
      "Give opportunity to improve"
    ],
    "importance": "Courts expect landlord to raise issue before serving notice"
  },
  "payment_patterns": {
    "strong_case": "Rent due 1st of month, paid 20th-25th for past 8 months despite warnings",
    "moderate_case": "Rent paid 7-10 days late for 5 of past 8 months",
    "weak_case": "Rent paid 2-3 days late occasionally, now paying on time"
  }
}
