{
  "ground": "9",
  "type": "discretionary",
  "category": "alternative_accommodation",
  "name": "Suitable Alternative Accommodation Available",
  "short_description": "Suitable alternative accommodation is available for tenant",
  "legal_basis": {
    "act": "Housing Act 1988",
    "section": "Schedule 2, Ground 9",
    "statute_year": "1988"
  },
  "requirements": {
    "suitability": {
      "criteria": [
        "Reasonably suitable to needs of tenant and family",
        "Similar size and quality",
        "Similar location (proximity to work, schools, family)",
        "Affordable rent",
        "Security of tenure (assured or secure tenancy preferred)"
      ]
    },
    "availability": {
      "timing": "Available at time tenant must give up possession",
      "certificate": "Can be certified by local authority"
    }
  },
  "notice_period": {
    "section_8_notice": "2 months minimum",
    "court_proceedings": "Can be started after notice expires"
  },
  "evidence_required": [
    "Details of alternative accommodation (address, size, rent)",
    "Evidence of availability (tenancy offer, landlord letter)",
    "Local authority certificate (if applicable)",
    "Comparison showing suitability (room sizes, location, facilities)",
    "Affordability assessment",
    "Security of tenure details",
    "Evidence accommodation will be available when needed"
  ],
  "success_factors": {
    "high_probability": [
      "Local authority certificate provided",
      "Alternative accommodation clearly suitable",
      "Similar or better quality and size",
      "Rent is affordable for tenant",
      "Secure or assured tenancy offered",
      "Good location (similar or better)",
      "Tenant has no special needs that cannot be met"
    ],
    "medium_probability": [
      "Accommodation suitable but tenant disputes this",
      "Slightly smaller but adequate",
      "Different area but reasonable",
      "Rent slightly higher but manageable"
    ],
    "low_probability": [
      "Accommodation clearly unsuitable",
      "Significantly smaller or poorer quality",
      "Unaffordable rent",
      "Poor location (far from work/schools)",
      "Less security (AST instead of assured)",
      "Tenant has special needs not met",
      "No evidence accommodation actually available"
    ]
  },
  "red_flags": [
    "No alternative accommodation identified",
    "Accommodation unsuitable for tenant's needs",
    "Unaffordable for tenant",
    "Poor location disrupts tenant's life",
    "Less secure tenure",
    "Tenant has disabilities and accommodation unsuitable",
    "Children would need to change schools",
    "No local authority certificate and suitability disputed"
  ],
  "typical_timeline": {
    "notice_period": "2 months",
    "court_proceedings": "6-10 months (longer due to evidence requirements)",
    "total": "8-12 months"
  },
  "costs": {
    "court_fee": 355,
    "bailiff_fee": 130,
    "legal_costs": "£2,000-£4,000 (due to evidence requirements)",
    "expert_reports": "Possible surveyor reports on suitability"
  },
  "tenant_defenses": [
    "Accommodation not suitable",
    "Unaffordable rent",
    "Poor location",
    "Inadequate size",
    "Less secure tenure",
    "Special needs not met",
    "Not actually available",
    "Not reasonable to grant possession"
  ],
  "related_grounds": [],
  "notes": "Ground 9 is DISCRETIONARY and rarely used due to difficulty proving suitability. Courts scrutinize alternative accommodation carefully. Local authority certificate is powerful evidence but not conclusive. Often combined with other grounds.",
  "case_law": [
    "Redspring v Francis [1973] - Accommodation must be suitable to needs of tenant and family",
    "Siddiqui v Rashid [1980] - Suitability judged at date of hearing",
    "Hill v Rochard [1983] - Proximity to work and family is relevant",
    "Nessa v Basildon DC [2015] - Tenant's special needs must be considered"
  ],
  "court_considerations": [
    "Is the alternative accommodation genuinely available?",
    "Is it suitable for the tenant and their family's needs?",
    "Is the rent affordable?",
    "What security of tenure is offered?",
    "How does location compare (work, schools, support networks)?",
    "Are there any special needs to consider?",
    "Is it reasonable to grant possession in all circumstances?"
  ],
  "local_authority_certificate": {
    "value": "Strong evidence of suitability",
    "process": "Landlord applies to local authority housing department",
    "timeline": "Can take several weeks to obtain",
    "note": "Not conclusive - court can still find unsuitable"
  }
}
