{
  "ground": "15",
  "type": "discretionary",
  "category": "furniture_damage",
  "name": "Deterioration of Furniture",
  "short_description": "Condition of furniture deteriorated due to ill-treatment by tenant",
  "legal_basis": {
    "act": "Housing Act 1988",
    "section": "Schedule 2, Ground 15",
    "statute_year": "1988"
  },
  "requirements": {
    "furniture_condition": {
      "deterioration": "Condition of furniture has deteriorated",
      "cause": "Ill-treatment by tenant or any other person residing",
      "type": "Furnished or part-furnished tenancy"
    },
    "lodger_acts": {
      "included": "Deterioration caused by lodger or subtenant",
      "tenant_liability": "Tenant liable if failed to remove lodger after landlord's notice"
    },
    "scope": {
      "furniture_definition": "Landlord's furniture provided with tenancy",
      "exclusions": "Not fair wear and tear"
    }
  },
  "notice_period": {
    "section_8_notice": "2 months minimum",
    "court_proceedings": "Can be started after 2 months"
  },
  "evidence_required": [
    "Furniture inventory at start of tenancy",
    "Photographs at check-in showing condition",
    "Current photographs showing deterioration",
    "Check-out inspection report",
    "Expert assessment (if valuable items)",
    "Replacement/repair quotes",
    "Comparison photos before and after"
  ],
  "ill_treatment_examples": {
    "strong_cases": [
      "Broken furniture (smashed tables, chairs)",
      "Burns or cuts in upholstery",
      "Furniture used inappropriately (e.g., standing on tables)",
      "Pet damage to furniture (scratches, chewing, soiling)",
      "Stains from deliberate actions (paint, chemicals)",
      "Missing furniture (removed or disposed of)"
    ],
    "moderate_cases": [
      "Significant staining",
      "Torn upholstery",
      "Scratches beyond normal use",
      "Loose/broken fittings from misuse"
    ],
    "weak_cases": [
      "Normal wear from sitting",
      "Slight fading",
      "Minor scuffs",
      "Age-related deterioration",
      "Poor quality furniture wearing quickly"
    ]
  },
  "success_factors": {
    "high_probability": [
      "Detailed inventory with photos at start",
      "Clear before/after evidence",
      "Significant damage beyond wear and tear",
      "Ill-treatment clearly caused by tenant",
      "Valuable furniture seriously damaged",
      "Multiple items affected",
      "Reasonable to grant possession"
    ],
    "medium_probability": [
      "Some inventory evidence",
      "Moderate damage shown",
      "Mixed fair wear and ill-treatment",
      "Some items affected significantly"
    ],
    "low_probability": [
      "No inventory or check-in photos",
      "Damage is fair wear and tear",
      "Furniture was poor quality",
      "Insufficient evidence",
      "Minor damage only",
      "Damage from defective furniture",
      "Not reasonable to grant possession"
    ]
  },
  "red_flags": [
    "No furniture inventory",
    "No check-in photos",
    "Furniture was already damaged",
    "Furniture is old/poor quality",
    "Damage is normal wear and tear",
    "Limited photographic evidence",
    "Tenant reported damage immediately (accident)",
    "Landlord failed to maintain furniture",
    "Retaliatory eviction context"
  ],
  "typical_timeline": {
    "notice_period": "2 months",
    "court_proceedings": "6-10 months",
    "total": "8-12 months"
  },
  "costs": {
    "court_fee": 355,
    "bailiff_fee": 130,
    "legal_costs": "£1,500-£3,000",
    "replacement_costs": "Claimable separately"
  },
  "tenant_defenses": [
    "Damage is fair wear and tear",
    "No inventory at start",
    "Damage existed before tenancy",
    "Furniture was defective or poor quality",
    "Insufficient evidence",
    "Damage was accidental and reported",
    "Not reasonable to grant possession",
    "Damage is minor",
    "Tenant willing to repair or replace"
  ],
  "related_grounds": ["12", "13"],
  "notes": "Ground 15 is DISCRETIONARY - applies only to furnished/part-furnished tenancies. Rarely used alone. Requires clear inventory and before/after evidence. Often combined with Ground 13 (property deterioration) or Ground 12 (breach). Deposit usually covers furniture damage so possession rare unless severe.",
  "case_law": [
    "Holloway v Povey [1984] - Must distinguish ill-treatment from fair wear",
    "Regalgrand v Dickerson [1997] - Inventory evidence crucial",
    "Tormes Property v Landau [1971] - Deterioration must be proved"
  ],
  "court_considerations": [
    "Was proper inventory conducted at start?",
    "Is there clear evidence of deterioration?",
    "Is damage beyond fair wear and tear?",
    "Was deterioration caused by ill-treatment?",
    "How significant is the damage?",
    "Is furniture old or poor quality?",
    "Could damage be remedied?",
    "Is possession reasonable and proportionate?"
  ],
  "fair_wear_and_tear": {
    "furniture_examples": [
      "Fabric wearing on frequently used sofa",
      "Slight sagging of cushions",
      "Minor scratches on table surfaces",
      "Slight loosening of joints from normal use",
      "Fading from sunlight"
    ],
    "not_fair_wear": [
      "Broken legs or structural damage",
      "Large tears or burns in upholstery",
      "Deliberate graffiti or markings",
      "Major staining from neglect",
      "Pet destruction (if pets prohibited)"
    ]
  },
  "inventory_best_practice": {
    "requirement": "Essential for Ground 15 claims",
    "content": [
      "Detailed description of each furniture item",
      "Condition at start of tenancy",
      "Photographs of all items",
      "Age and quality noted",
      "Signed by both parties"
    ],
    "timing": "At check-in, ideally with independent inventory clerk"
  }
}
