{
  "ground": "17",
  "type": "discretionary",
  "category": "false_statement",
  "name": "False Statement Induced Grant of Tenancy",
  "short_description": "Tenancy granted because of false statement by tenant",
  "legal_basis": {
    "act": "Housing Act 1988",
    "section": "Schedule 2, Ground 17",
    "statute_year": "1988"
  },
  "requirements": {
    "false_statement": {
      "made_by": "Tenant or person acting at tenant's instigation",
      "recipient": "Landlord or landlord's agent",
      "timing": "Induced landlord to grant tenancy",
      "materiality": "Statement was false and material"
    },
    "inducement": {
      "causation": "False statement caused landlord to grant tenancy",
      "test": "Would not have granted tenancy if truth was known"
    }
  },
  "notice_period": {
    "section_8_notice": "2 months minimum",
    "court_proceedings": "Can be started after notice expires"
  },
  "evidence_required": [
    "Application form or correspondence containing false statement",
    "Landlord's evidence they relied on the statement",
    "Evidence showing truth (proving statement was false)",
    "Landlord's statement about decision-making",
    "Reference checks or verification attempts",
    "Evidence tenant knew statement was false"
  ],
  "false_statement_examples": {
    "strong_cases": [
      "False employment status or income",
      "False reference (forged or fabricated)",
      "Concealed previous eviction",
      "False identity",
      "Concealed criminal convictions (if asked)",
      "False number of occupants",
      "Concealed pet ownership (if prohibited)",
      "False immigration status",
      "Forged documents (payslips, bank statements)"
    ],
    "moderate_cases": [
      "Exaggerated income",
      "Incomplete employment history",
      "Failed to disclose relevant information when asked"
    ],
    "weak_cases": [
      "Minor inaccuracies",
      "Information not directly asked for",
      "Honest mistake or misunderstanding",
      "Information became false after tenancy started"
    ]
  },
  "success_factors": {
    "high_probability": [
      "Clear false statement in writing",
      "Statement was material to landlord's decision",
      "Landlord can show they relied on statement",
      "Landlord would not have granted tenancy if truth known",
      "Tenant knowingly made false statement",
      "Serious falsehood (forged documents, false identity)",
      "Recent discovery of falsehood",
      "Reasonable to grant possession"
    ],
    "medium_probability": [
      "False statement proven but materiality disputed",
      "Some reliance but other factors in decision",
      "Exaggeration rather than complete falsehood",
      "Long time since tenancy granted"
    ],
    "low_probability": [
      "Statement not proven false",
      "Immaterial statement (wouldn't have changed decision)",
      "No evidence of reliance",
      "Honest mistake or misunderstanding",
      "Minor inaccuracy",
      "Very long time since tenancy granted",
      "Landlord didn't verify at time",
      "Not reasonable to grant possession"
    ]
  },
  "red_flags": [
    "Cannot prove statement was false",
    "Statement was not material",
    "Landlord didn't rely on statement",
    "Would have granted tenancy anyway",
    "Long delay in discovering falsehood",
    "Landlord made no verification attempts",
    "Statement was honest mistake",
    "Information not directly relevant to tenancy decision",
    "Tenant has since become model tenant"
  ],
  "typical_timeline": {
    "notice_period": "2 months",
    "court_proceedings": "6-10 months",
    "total": "8-12 months"
  },
  "costs": {
    "court_fee": 355,
    "bailiff_fee": 130,
    "legal_costs": "£1,500-£3,500",
    "investigation_costs": "Possible costs for verifying falsehood"
  },
  "tenant_defenses": [
    "Statement was not false",
    "Statement was true at the time",
    "Honest mistake or misunderstanding",
    "Statement was not material",
    "Landlord did not rely on statement",
    "Landlord would have granted tenancy regardless",
    "Statement not made by tenant",
    "Long delay unreasonable",
    "Not reasonable to grant possession given current circumstances",
    "Tenant has reformed and is now compliant"
  ],
  "related_grounds": ["12"],
  "notes": "Ground 17 is DISCRETIONARY and rarely used. Difficult to prove causation (reliance and inducement). Court considers materiality, reasonableness, and time elapsed. Often combined with Ground 12 if ongoing breach. Serious cases (forged documents, false identity) stronger than minor exaggerations.",
  "case_law": [
    "Killick v Roberts [1991] - Statement must be material and relied upon",
    "R v Tower Hamlets LBC ex parte Begum [1993] - Must show inducement",
    "Shrewsbury v Blake [1998] - Test is whether tenancy would have been granted",
    "Rushcliffe BC v Watson [1992] - Reasonableness includes time elapsed"
  ],
  "court_considerations": [
    "Was statement actually false?",
    "Did tenant know it was false?",
    "Was statement material to landlord's decision?",
    "Did landlord actually rely on it?",
    "Would landlord have granted tenancy if truth known?",
    "How serious is the falsehood?",
    "How long since tenancy granted?",
    "What is tenant's conduct since?",
    "Is possession reasonable and proportionate?"
  ],
  "materiality_test": {
    "definition": "Statement is material if it would affect a reasonable landlord's decision",
    "examples_material": [
      "Employment and income (affordability)",
      "Previous evictions (tenancy history)",
      "Criminal convictions (if relevant to tenancy)",
      "Number of occupants (overcrowding, wear)",
      "Pet ownership (if pets policy exists)"
    ],
    "examples_immaterial": [
      "Hobbies or interests",
      "Family background (unless relevant)",
      "Political views",
      "Information not asked for"
    ]
  },
  "time_considerations": {
    "recent_discovery": "Stronger case - prompt action",
    "within_first_year": "Generally reasonable timeframe",
    "1_3_years": "Need good explanation for delay",
    "over_3_years": "Weak case - tenant has established tenancy",
    "note": "Long-standing tenancy where tenant is compliant may make possession unreasonable"
  }
}
