{
  "jurisdiction": "England & Wales",
  "version": "1.0",
  "description": "Required facts for each eviction ground and document type",
  "common_facts": {
    "landlord_details": {
      "landlord_full_name": {
        "type": "string",
        "required": true
      },
      "landlord_address": {
        "type": "string",
        "required": true
      },
      "landlord_phone": {
        "type": "string",
        "required": false
      },
      "landlord_email": {
        "type": "string",
        "required": false
      },
      "joint_landlords": {
        "type": "boolean",
        "required": true
      },
      "landlord_2_name": {
        "type": "string",
        "required_if": "joint_landlords == true"
      }
    },
    "tenant_details": {
      "tenant_full_name": {
        "type": "string",
        "required": true
      },
      "tenant_address_current": {
        "type": "string",
        "required": true
      },
      "joint_tenants": {
        "type": "boolean",
        "required": true
      },
      "tenant_2_name": {
        "type": "string",
        "required_if": "joint_tenants == true"
      },
      "number_of_occupants": {
        "type": "number",
        "required": true
      }
    },
    "property_details": {
      "property_address": {
        "type": "string",
        "required": true
      },
      "property_type": {
        "type": "enum",
        "values": [
          "house",
          "flat",
          "maisonette",
          "bungalow",
          "hmo"
        ],
        "required": true
      },
      "property_postcode": {
        "type": "string",
        "required": true
      },
      "number_of_bedrooms": {
        "type": "number",
        "required": true
      }
    },
    "tenancy_details": {
      "tenancy_type": {
        "type": "enum",
        "values": [
          "ast",
          "assured",
          "other"
        ],
        "required": true,
        "default": "ast"
      },
      "tenancy_start_date": {
        "type": "date",
        "required": true
      },
      "tenancy_end_date": {
        "type": "date",
        "required": false
      },
      "fixed_term": {
        "type": "boolean",
        "required": true
      },
      "fixed_term_end_date": {
        "type": "date",
        "required_if": "fixed_term == true"
      },
      "rent_amount": {
        "type": "currency",
        "required": true
      },
      "rent_frequency": {
        "type": "enum",
        "values": [
          "weekly",
          "fortnightly",
          "monthly",
          "quarterly"
        ],
        "required": true
      },
      "payment_date": {
        "type": "number",
        "min": 1,
        "max": 31,
        "required": true
      },
      "deposit_amount": {
        "type": "currency",
        "required": true
      },
      "deposit_protected": {
        "type": "boolean",
        "required": true
      },
      "deposit_scheme": {
        "type": "enum",
        "values": [
          "DPS",
          "MyDeposits",
          "TDS"
        ],
        "required_if": "deposit_protected == true"
      },
      "deposit_protection_date": {
        "type": "date",
        "required_if": "deposit_protected == true"
      }
    },
    "compliance_checks": {
      "gas_safety_cert_provided": {
        "type": "boolean",
        "required": true
      },
      "gas_safety_cert_date": {
        "type": "date",
        "required_if": "gas_safety_cert_provided == true"
      },
      "epc_provided": {
        "type": "boolean",
        "required": true
      },
      "epc_rating": {
        "type": "enum",
        "values": [
          "A",
          "B",
          "C",
          "D",
          "E",
          "F",
          "G"
        ],
        "required_if": "epc_provided == true"
      },
      "how_to_rent_provided": {
        "type": "boolean",
        "required": true
      },
      "prescribed_info_provided": {
        "type": "boolean",
        "required_if": "deposit_protected == true"
      },
      "right_to_rent_check_done": {
        "type": "boolean",
        "required": true
      },
      "property_licensed": {
        "type": "boolean",
        "required": false
      },
      "license_required": {
        "type": "boolean",
        "required": false
      }
    }
  },
  "ast_tenancy": {
    "product_tier": {
      "type": "enum",
      "values": [
        "Standard AST",
        "Premium AST"
      ],
      "required": true
    },
    "landlord_full_name": {
      "type": "string",
      "required": true
    },
    "landlord_address": {
      "type": "string",
      "required": true
    },
    "landlord_email": {
      "type": "string",
      "required": true
    },
    "landlord_phone": {
      "type": "string",
      "required": true
    },
    "agent_name": {
      "type": "string",
      "required": false
    },
    "agent_address": {
      "type": "string",
      "required": false
    },
    "property_address": {
      "type": "string",
      "required": true
    },
    "property_address_postcode": {
      "type": "string",
      "required": true
    },
    "property_type": {
      "type": "string",
      "required": true
    },
    "number_of_bedrooms": {
      "type": "number",
      "required": true
    },
    "furnished_status": {
      "type": "enum",
      "values": [
        "furnished",
        "part-furnished",
        "unfurnished"
      ],
      "required": true
    },
    "tenancy_start_date": {
      "type": "date",
      "required": true
    },
    "is_fixed_term": {
      "type": "boolean",
      "required": true
    },
    "tenancy_end_date": {
      "type": "date",
      "required_if": "is_fixed_term == true"
    },
    "term_length": {
      "type": "string",
      "required_if": "is_fixed_term == true"
    },
    "rent_amount": {
      "type": "currency",
      "required": true
    },
    "rent_period": {
      "type": "enum",
      "values": [
        "week",
        "month",
        "quarter",
        "year"
      ],
      "required": true
    },
    "rent_due_day": {
      "type": "string",
      "required": true
    },
    "deposit_amount": {
      "type": "currency",
      "required": true
    },
    "deposit_scheme_name": {
      "type": "enum",
      "values": [
        "DPS",
        "MyDeposits",
        "TDS"
      ],
      "required": true
    },
    "deposit_paid_date": {
      "type": "date",
      "required": false
    },
    "deposit_protection_date": {
      "type": "date",
      "required": false
    },
    "gas_safety_certificate": {
      "type": "boolean",
      "required": true
    },
    "electrical_safety_certificate": {
      "type": "boolean",
      "required": true
    },
    "epc_rating": {
      "type": "enum",
      "values": [
        "A",
        "B",
        "C",
        "D",
        "E",
        "F",
        "G"
      ],
      "required": true
    },
    "smoke_alarms_fitted": {
      "type": "boolean",
      "required": true
    },
    "carbon_monoxide_alarms": {
      "type": "boolean",
      "required": true
    },
    "how_to_rent_guide_provided": {
      "type": "boolean",
      "required": true
    },
    "right_to_rent_check_date": {
      "type": "date",
      "required": false
    },
    "guarantor_name": {
      "type": "string",
      "required_if": "product_tier == 'Premium AST' && guarantor_required == true"
    },
    "guarantor_required": {
      "type": "boolean",
      "required": false
    },
    "is_hmo": {
      "type": "boolean",
      "required_if": "product_tier == 'Premium AST'"
    },
    "number_of_sharers": {
      "type": "number",
      "required": false
    },
    "hmo_licence_status": {
      "type": "string",
      "required": false
    }
  },
  "ground_specific_facts": {
    "ground_1": {
      "landlord_previous_residence": {
        "type": "boolean",
        "required": true,
        "question": "Did you (the landlord) live in this property as your main home before the tenancy started?"
      },
      "landlord_residence_dates": {
        "type": "date_range",
        "required_if": "landlord_previous_residence == true"
      },
      "notice_given_before_tenancy": {
        "type": "boolean",
        "required": true,
        "question": "Did you give the tenant written notice before/at the start of the tenancy that you might seek possession under Ground 1?"
      },
      "notice_document": {
        "type": "file",
        "required_if": "notice_given_before_tenancy == true"
      },
      "landlord_now_needs_property": {
        "type": "boolean",
        "required": true,
        "question": "Do you now need to move back into the property as your main home?"
      },
      "reason_for_needing_property": {
        "type": "text",
        "required_if": "landlord_now_needs_property == true"
      }
    },
    "ground_2": {
      "mortgage_exists": {
        "type": "boolean",
        "required": true
      },
      "mortgage_date": {
        "type": "date",
        "required_if": "mortgage_exists == true",
        "validation": "must_be_before_tenancy_start"
      },
      "lender_name": {
        "type": "string",
        "required_if": "mortgage_exists == true"
      },
      "lender_demands_possession": {
        "type": "boolean",
        "required": true
      },
      "lender_demand_letter": {
        "type": "file",
        "required_if": "lender_demands_possession == true"
      },
      "notice_given_before_tenancy": {
        "type": "boolean",
        "required": true
      },
      "mortgage_arrears_amount": {
        "type": "currency",
        "required": false
      }
    },
    "ground_8": {
      "rent_amount_monthly": {
        "type": "currency",
        "required": true
      },
      "arrears_amount": {
        "type": "currency",
        "required": true,
        "validation": "must_be_at_least_8_weeks_or_2_months"
      },
      "arrears_at_notice_date": {
        "type": "currency",
        "required": true
      },
      "arrears_at_current_date": {
        "type": "currency",
        "required": true
      },
      "arrears_duration_months": {
        "type": "number",
        "required": true
      },
      "last_payment_date": {
        "type": "date",
        "required": false
      },
      "last_payment_amount": {
        "type": "currency",
        "required": false
      },
      "rent_payment_history": {
        "type": "array",
        "required": true,
        "items": {
          "date": "date",
          "amount_due": "currency",
          "amount_paid": "currency",
          "balance": "currency"
        }
      }
    },
    "ground_10": {
      "current_arrears": {
        "type": "currency",
        "required": true,
        "validation": "must_be_greater_than_zero"
      },
      "arrears_at_notice_date": {
        "type": "currency",
        "required": true
      },
      "payment_history": {
        "type": "array",
        "required": true
      }
    },
    "ground_11": {
      "late_payment_instances": {
        "type": "array",
        "required": true,
        "min_items": 3,
        "items": {
          "due_date": "date",
          "payment_date": "date",
          "days_late": "number",
          "amount": "currency"
        }
      },
      "late_payment_pattern": {
        "type": "text",
        "required": true
      },
      "total_late_payments": {
        "type": "number",
        "required": true
      },
      "current_arrears": {
        "type": "currency",
        "required": false
      }
    },
    "ground_12": {
      "breach_type": {
        "type": "enum",
        "values": [
          "pets",
          "subletting",
          "business_use",
          "overcrowding",
          "alterations",
          "other"
        ],
        "required": true
      },
      "breach_description": {
        "type": "text",
        "required": true,
        "min_length": 50
      },
      "tenancy_clause_breached": {
        "type": "text",
        "required": true
      },
      "breach_start_date": {
        "type": "date",
        "required": true
      },
      "breach_ongoing": {
        "type": "boolean",
        "required": true
      },
      "breach_evidence": {
        "type": "array",
        "items": "file",
        "required": true
      },
      "warnings_given": {
        "type": "array",
        "items": {
          "date": "date",
          "method": "string",
          "description": "text"
        }
      },
      "breach_remedied": {
        "type": "boolean",
        "required": true
      }
    },
    "ground_13": {
      "property_condition_start": {
        "type": "text",
        "required": true
      },
      "property_condition_current": {
        "type": "text",
        "required": true
      },
      "deterioration_description": {
        "type": "text",
        "required": true,
        "min_length": 100
      },
      "deterioration_areas": {
        "type": "array",
        "items": "string",
        "required": true
      },
      "photographic_evidence": {
        "type": "array",
        "items": "file",
        "required": true,
        "min_items": 5
      },
      "inventory_report": {
        "type": "file",
        "required": true
      },
      "checkout_report": {
        "type": "file",
        "required": false
      },
      "tenant_caused_damage": {
        "type": "boolean",
        "required": true
      },
      "other_resident_caused_damage": {
        "type": "boolean",
        "required": false
      },
      "estimated_repair_cost": {
        "type": "currency",
        "required": true
      }
    },
    "ground_14": {
      "nuisance_type": {
        "type": "enum",
        "values": [
          "noise",
          "antisocial_behavior",
          "criminal_activity",
          "threats",
          "harassment",
          "drug_use",
          "other"
        ],
        "required": true
      },
      "nuisance_description": {
        "type": "text",
        "required": true,
        "min_length": 100
      },
      "affected_parties": {
        "type": "array",
        "items": {
          "name": "string",
          "address": "string",
          "relationship": "string"
        },
        "required": true
      },
      "incident_log": {
        "type": "array",
        "items": {
          "date": "date",
          "time": "time",
          "description": "text",
          "witnesses": "array"
        },
        "required": true,
        "min_items": 2
      },
      "police_involvement": {
        "type": "boolean",
        "required": true
      },
      "police_crime_numbers": {
        "type": "array",
        "items": "string",
        "required_if": "police_involvement == true"
      },
      "witness_statements": {
        "type": "array",
        "items": "file",
        "required": true
      },
      "council_complaints": {
        "type": "boolean",
        "required": false
      },
      "council_reference": {
        "type": "string",
        "required_if": "council_complaints == true"
      },
      "ongoing_nuisance": {
        "type": "boolean",
        "required": true
      }
    },
    "ground_14a": {
      "relationship_type": {
        "type": "enum",
        "values": [
          "married",
          "civil_partnership"
        ],
        "required": true
      },
      "violence_occurred": {
        "type": "boolean",
        "required": true
      },
      "violence_description": {
        "type": "text",
        "required": true
      },
      "partner_left_property": {
        "type": "boolean",
        "required": true
      },
      "date_partner_left": {
        "type": "date",
        "required_if": "partner_left_property == true"
      },
      "evidence_of_violence": {
        "type": "array",
        "items": {
          "type": {
            "type": "enum",
            "values": [
              "police_report",
              "restraining_order",
              "medical_report",
              "witness_statement"
            ]
          },
          "file": "file"
        },
        "required": true
      },
      "victim_statement": {
        "type": "file",
        "required": true
      },
      "victim_unlikely_to_return": {
        "type": "boolean",
        "required": true
      }
    },
    "ground_15": {
      "furniture_provided": {
        "type": "boolean",
        "required": true
      },
      "furniture_inventory": {
        "type": "file",
        "required_if": "furniture_provided == true"
      },
      "furniture_condition_start": {
        "type": "text",
        "required": true
      },
      "furniture_condition_current": {
        "type": "text",
        "required": true
      },
      "damaged_items": {
        "type": "array",
        "items": {
          "item": "string",
          "original_condition": "string",
          "current_condition": "string",
          "replacement_cost": "currency"
        },
        "required": true
      },
      "photographic_evidence": {
        "type": "array",
        "items": "file",
        "required": true
      },
      "ill_treatment_description": {
        "type": "text",
        "required": true
      }
    },
    "ground_17": {
      "false_statement_description": {
        "type": "text",
        "required": true,
        "min_length": 100
      },
      "statement_made_in": {
        "type": "enum",
        "values": [
          "application_form",
          "reference",
          "conversation",
          "email",
          "other"
        ],
        "required": true
      },
      "statement_document": {
        "type": "file",
        "required": false
      },
      "true_facts": {
        "type": "text",
        "required": true
      },
      "evidence_of_falsehood": {
        "type": "array",
        "items": "file",
        "required": true
      },
      "statement_material": {
        "type": "boolean",
        "required": true,
        "description": "Did this false statement influence your decision to grant the tenancy?"
      },
      "would_not_have_let_if_known": {
        "type": "boolean",
        "required": true
      }
    }
  },
  "section_21_facts": {
    "section_21_specific": {
      "reason_for_eviction": {
        "type": "text",
        "required": false,
        "note": "Not required for Section 21, but helpful for records"
      },
      "fixed_term_expired": {
        "type": "boolean",
        "required": true
      },
      "all_compliance_met": {
        "type": "boolean",
        "required": true
      },
      "deposit_protected_correctly": {
        "type": "boolean",
        "required": true
      },
      "gas_safety_up_to_date": {
        "type": "boolean",
        "required": true
      },
      "epc_rating_compliant": {
        "type": "boolean",
        "required": true
      },
      "how_to_rent_latest_version": {
        "type": "boolean",
        "required": true
      },
      "no_retaliatory_circumstances": {
        "type": "boolean",
        "required": true
      },
      "no_prohibited_fees_charged": {
        "type": "boolean",
        "required": true
      },
      "licensing_compliant": {
        "type": "boolean",
        "required": true
      },
      "tenancy_at_least_4_months": {
        "type": "boolean",
        "required": true
      }
    }
  },
  "money_claim_facts": {
    "claim_type": {
      "type": "enum",
      "values": [
        "rent_arrears",
        "property_damage",
        "both"
      ],
      "required": true
    },
    "total_claim_amount": {
      "type": "currency",
      "required": true
    },
    "rent_claim": {
      "arrears_breakdown": {
        "type": "array",
        "items": {
          "period_start": "date",
          "period_end": "date",
          "amount_due": "currency",
          "amount_paid": "currency",
          "balance": "currency"
        }
      },
      "total_rent_claim": {
        "type": "currency",
        "required": true
      }
    },
    "damage_claim": {
      "damage_items": {
        "type": "array",
        "items": {
          "item": "string",
          "description": "text",
          "cost_to_repair": "currency",
          "cost_to_replace": "currency",
          "claim_amount": "currency",
          "evidence": "file"
        }
      },
      "total_damage_claim": {
        "type": "currency",
        "required": true
      }
    },
    "letter_before_action": {
      "lba_sent": {
        "type": "boolean",
        "required": true
      },
      "lba_date": {
        "type": "date",
        "required_if": "lba_sent == true"
      },
      "lba_method": {
        "type": "enum",
        "values": [
          "email",
          "post",
          "hand_delivered"
        ],
        "required_if": "lba_sent == true"
      },
      "lba_response_deadline": {
        "type": "date",
        "required_if": "lba_sent == true"
      },
      "tenant_responded": {
        "type": "boolean",
        "required_if": "lba_sent == true"
      }
    }
  },
  "ast_facts": {
    "tenancy_type": {
      "type": "enum",
      "values": [
        "standard",
        "premium",
        "hmo"
      ],
      "required": true
    },
    "property_details": {
      "furnished": {
        "type": "enum",
        "values": [
          "furnished",
          "part_furnished",
          "unfurnished"
        ],
        "required": true
      },
      "furniture_inventory": {
        "type": "array",
        "items": "string",
        "required_if": "furnished != 'unfurnished'"
      },
      "parking": {
        "type": "boolean",
        "required": true
      },
      "parking_details": {
        "type": "text",
        "required_if": "parking == true"
      },
      "garden": {
        "type": "boolean",
        "required": true
      },
      "garden_maintenance": {
        "type": "enum",
        "values": [
          "landlord",
          "tenant",
          "shared"
        ],
        "required_if": "garden == true"
      },
      "pets_allowed": {
        "type": "boolean",
        "required": true
      },
      "smoking_allowed": {
        "type": "boolean",
        "required": true
      }
    },
    "utilities": {
      "council_tax_responsibility": {
        "type": "enum",
        "values": [
          "landlord",
          "tenant"
        ],
        "required": true
      },
      "water_included": {
        "type": "boolean",
        "required": true
      },
      "electricity_included": {
        "type": "boolean",
        "required": true
      },
      "gas_included": {
        "type": "boolean",
        "required": true
      },
      "internet_included": {
        "type": "boolean",
        "required": true
      }
    },
    "premium_additions": {
      "break_clause": {
        "type": "boolean",
        "required": false
      },
      "break_clause_date": {
        "type": "date",
        "required_if": "break_clause == true"
      },
      "redecoration_allowance": {
        "type": "boolean",
        "required": false
      },
      "professional_cleaning": {
        "type": "boolean",
        "required": false
      }
    }
  },
  "hmo_facts": {
    "hmo_details": {
      "number_of_tenants": {
        "type": "number",
        "required": true,
        "min": 3
      },
      "number_of_households": {
        "type": "number",
        "required": true,
        "min": 2
      },
      "number_of_storeys": {
        "type": "number",
        "required": true
      },
      "shared_facilities": {
        "type": "array",
        "items": {
          "type": "enum",
          "values": [
            "kitchen",
            "bathroom",
            "toilet",
            "living_room"
          ]
        },
        "required": true
      },
      "individual_room_numbers": {
        "type": "array",
        "items": "string",
        "required": true
      }
    },
    "licensing": {
      "mandatory_license_required": {
        "type": "boolean",
        "required": true
      },
      "mandatory_license_number": {
        "type": "string",
        "required_if": "mandatory_license_required == true"
      },
      "additional_license_required": {
        "type": "boolean",
        "required": true
      },
      "additional_license_number": {
        "type": "string",
        "required_if": "additional_license_required == true"
      },
      "council_name": {
        "type": "string",
        "required": true
      },
      "license_expiry_date": {
        "type": "date",
        "required": false
      }
    },
    "safety_requirements": {
      "fire_alarm_system": {
        "type": "boolean",
        "required": true
      },
      "fire_doors": {
        "type": "boolean",
        "required": true
      },
      "emergency_lighting": {
        "type": "boolean",
        "required": true
      },
      "fire_blanket_extinguisher": {
        "type": "boolean",
        "required": true
      }
    },
    "management": {
      "house_rules": {
        "type": "text",
        "required": true
      },
      "communal_area_cleaning": {
        "type": "enum",
        "values": [
          "landlord",
          "tenants",
          "cleaning_service"
        ],
        "required": true
      },
      "bin_collection_day": {
        "type": "string",
        "required": true
      },
      "noise_curfew": {
        "type": "boolean",
        "required": true
      },
      "noise_curfew_time": {
        "type": "time",
        "required_if": "noise_curfew == true"
      }
    }
  },
  "validation_rules": {
    "deposit_amount": {
      "max_weeks_rent": 5,
      "validation": "deposit_amount <= (rent_amount * 5)"
    },
    "notice_periods": {
      "section_8_minimum": 14,
      "section_21_minimum": 60
    },
    "tenancy_duration": {
      "minimum_days": 1,
      "ast_typical_months": 6
    }
  },
  "auto_generated": {
    "landlord_address_line1": {
      "type": "string",
      "required": false,
      "description": "Auto-generated placeholder to align MQS and validators"
    },
    "landlord_address_line2": {
      "type": "string",
      "required": false,
      "description": "Auto-generated placeholder to align MQS and validators"
    },
    "landlord_city": {
      "type": "string",
      "required": false,
      "description": "Auto-generated placeholder to align MQS and validators"
    },
    "landlord_postcode": {
      "type": "string",
      "required": false,
      "description": "Auto-generated placeholder to align MQS and validators"
    },
    "selected_notice_route": {
      "type": "string",
      "required": false,
      "description": "Auto-generated placeholder to align MQS and validators"
    },
    "property_address_line1": {
      "type": "string",
      "required": false,
      "description": "Auto-generated placeholder to align MQS and validators"
    },
    "property_address_line2": {
      "type": "string",
      "required": false,
      "description": "Auto-generated placeholder to align MQS and validators"
    },
    "property_city": {
      "type": "string",
      "required": false,
      "description": "Auto-generated placeholder to align MQS and validators"
    },
    "deposit_taken": {
      "type": "string",
      "required": false,
      "description": "Auto-generated placeholder to align MQS and validators"
    },
    "has_gas_appliances": {
      "type": "string",
      "required": false,
      "description": "Auto-generated placeholder to align MQS and validators"
    },
    "prescribed_info_given": {
      "type": "string",
      "required": false,
      "description": "Auto-generated placeholder to align MQS and validators"
    },
    "gas_certificate_provided": {
      "type": "string",
      "required": false,
      "description": "Auto-generated placeholder to align MQS and validators"
    },
    "property_licensing_status": {
      "type": "string",
      "required": false,
      "description": "Auto-generated placeholder to align MQS and validators"
    },
    "recent_repair_complaints": {
      "type": "string",
      "required": false,
      "description": "Auto-generated placeholder to align MQS and validators"
    },
    "has_rent_arrears": {
      "type": "string",
      "required": false,
      "description": "Auto-generated placeholder to align MQS and validators"
    },
    "arrears_total": {
      "type": "string",
      "required": false,
      "description": "Auto-generated placeholder to align MQS and validators"
    },
    "arrears_from_date": {
      "type": "string",
      "required": false,
      "description": "Auto-generated placeholder to align MQS and validators"
    },
    "section8_grounds": {
      "type": "string",
      "required": false,
      "description": "Auto-generated placeholder to align MQS and validators"
    },
    "ground14_severity": {
      "type": "string",
      "required": false,
      "description": "Auto-generated placeholder to align MQS and validators"
    },
    "ground_particulars": {
      "type": "string",
      "required": false,
      "description": "Auto-generated placeholder to align MQS and validators"
    },
    "section_8_particulars": {
      "type": "string",
      "required": false,
      "description": "Auto-generated placeholder to align MQS and validators"
    },
    "notice_strategy": {
      "type": "string",
      "required": false,
      "description": "Auto-generated placeholder to align MQS and validators"
    },
    "notice_service.notice_date": {
      "type": "string",
      "required": false,
      "description": "Auto-generated placeholder to align MQS and validators"
    },
    "notice_service.notice_expiry_date": {
      "type": "string",
      "required": false,
      "description": "Auto-generated placeholder to align MQS and validators"
    },
    "notice_service.service_method": {
      "type": "string",
      "required": false,
      "description": "Auto-generated placeholder to align MQS and validators"
    },
    "notice_service.served_by": {
      "type": "string",
      "required": false,
      "description": "Auto-generated placeholder to align MQS and validators"
    },
    "section8_details": {
      "type": "string",
      "required": false,
      "description": "Auto-generated placeholder to align MQS and validators"
    },
    "section21.deposit_protected": {
      "type": "string",
      "required": false,
      "description": "Auto-generated placeholder to align MQS and validators"
    },
    "section21.prescribed_info_served": {
      "type": "string",
      "required": false,
      "description": "Auto-generated placeholder to align MQS and validators"
    },
    "section21.how_to_rent_served": {
      "type": "string",
      "required": false,
      "description": "Auto-generated placeholder to align MQS and validators"
    },
    "section21.epc_gas_cert_served": {
      "type": "string",
      "required": false,
      "description": "Auto-generated placeholder to align MQS and validators"
    },
    "section21.no_retaliatory_notice": {
      "type": "string",
      "required": false,
      "description": "Auto-generated placeholder to align MQS and validators"
    },
    "property_address_town": {
      "type": "string",
      "required": false,
      "description": "Auto-generated placeholder to align MQS and validators"
    },
    "tenant_email": {
      "type": "string",
      "required": false,
      "description": "Auto-generated placeholder to align MQS and validators"
    },
    "tenant_phone": {
      "type": "string",
      "required": false,
      "description": "Auto-generated placeholder to align MQS and validators"
    },
    "landlord_address_town": {
      "type": "string",
      "required": false,
      "description": "Auto-generated placeholder to align MQS and validators"
    },
    "landlord_address_postcode": {
      "type": "string",
      "required": false,
      "description": "Auto-generated placeholder to align MQS and validators"
    },
    "evidence.pack_documents_uploaded": {
      "type": "string",
      "required": false,
      "description": "Auto-generated placeholder to align MQS and validators"
    },
    "basis_of_claim": {
      "type": "string",
      "required": false,
      "description": "Auto-generated placeholder to align MQS and validators"
    },
    "monthly_rent": {
      "type": "string",
      "required": false,
      "description": "Auto-generated placeholder to align MQS and validators"
    },
    "damage_description": {
      "type": "string",
      "required": false,
      "description": "Auto-generated placeholder to align MQS and validators"
    },
    "damage_cost": {
      "type": "string",
      "required": false,
      "description": "Auto-generated placeholder to align MQS and validators"
    },
    "quotes_obtained": {
      "type": "string",
      "required": false,
      "description": "Auto-generated placeholder to align MQS and validators"
    },
    "tenant_address_line1": {
      "type": "string",
      "required": false,
      "description": "Auto-generated placeholder to align MQS and validators"
    },
    "tenant_address_town": {
      "type": "string",
      "required": false,
      "description": "Auto-generated placeholder to align MQS and validators"
    },
    "tenant_address_postcode": {
      "type": "string",
      "required": false,
      "description": "Auto-generated placeholder to align MQS and validators"
    },
    "pre_action.letter_before_claim_sent": {
      "type": "string",
      "required": false,
      "description": "Auto-generated placeholder to align MQS and validators"
    },
    "pre_action.letter_sent_date": {
      "type": "string",
      "required": false,
      "description": "Auto-generated placeholder to align MQS and validators"
    },
    "pre_action.response_deadline_passed": {
      "type": "string",
      "required": false,
      "description": "Auto-generated placeholder to align MQS and validators"
    },
    "preferred_court": {
      "type": "string",
      "required": false,
      "description": "Auto-generated placeholder to align MQS and validators"
    },
    "evidence.money_claim_evidence_uploaded": {
      "type": "string",
      "required": false,
      "description": "Auto-generated placeholder to align MQS and validators"
    },
    "tenancy.ast_suitability.tenant_is_individual": {
      "type": "string",
      "required": false,
      "description": "Auto-generated placeholder to align MQS and validators"
    },
    "tenancy.ast_suitability.main_home": {
      "type": "string",
      "required": false,
      "description": "Auto-generated placeholder to align MQS and validators"
    },
    "tenancy.ast_suitability.landlord_lives_at_property": {
      "type": "string",
      "required": false,
      "description": "Auto-generated placeholder to align MQS and validators"
    },
    "tenancy.ast_suitability.holiday_or_licence": {
      "type": "string",
      "required": false,
      "description": "Auto-generated placeholder to align MQS and validators"
    },
    "parking_available": {
      "type": "string",
      "required": false,
      "description": "Auto-generated placeholder to align MQS and validators"
    },
    "has_garden": {
      "type": "string",
      "required": false,
      "description": "Auto-generated placeholder to align MQS and validators"
    },
    "agent_usage": {
      "type": "string",
      "required": false,
      "description": "Auto-generated placeholder to align MQS and validators"
    },
    "agent_email": {
      "type": "string",
      "required": false,
      "description": "Auto-generated placeholder to align MQS and validators"
    },
    "agent_phone": {
      "type": "string",
      "required": false,
      "description": "Auto-generated placeholder to align MQS and validators"
    },
    "agent_signs": {
      "type": "string",
      "required": false,
      "description": "Auto-generated placeholder to align MQS and validators"
    },
    "tenants.0.full_name": {
      "type": "string",
      "required": false,
      "description": "Auto-generated placeholder to align MQS and validators"
    },
    "tenants.0.dob": {
      "type": "string",
      "required": false,
      "description": "Auto-generated placeholder to align MQS and validators"
    },
    "tenants.0.email": {
      "type": "string",
      "required": false,
      "description": "Auto-generated placeholder to align MQS and validators"
    },
    "tenants.0.phone": {
      "type": "string",
      "required": false,
      "description": "Auto-generated placeholder to align MQS and validators"
    },
    "tenants.1.full_name": {
      "type": "string",
      "required": false,
      "description": "Auto-generated placeholder to align MQS and validators"
    },
    "tenants.1.dob": {
      "type": "string",
      "required": false,
      "description": "Auto-generated placeholder to align MQS and validators"
    },
    "tenants.1.email": {
      "type": "string",
      "required": false,
      "description": "Auto-generated placeholder to align MQS and validators"
    },
    "tenants.1.phone": {
      "type": "string",
      "required": false,
      "description": "Auto-generated placeholder to align MQS and validators"
    },
    "tenants.2.full_name": {
      "type": "string",
      "required": false,
      "description": "Auto-generated placeholder to align MQS and validators"
    },
    "tenants.2.dob": {
      "type": "string",
      "required": false,
      "description": "Auto-generated placeholder to align MQS and validators"
    },
    "tenants.2.email": {
      "type": "string",
      "required": false,
      "description": "Auto-generated placeholder to align MQS and validators"
    },
    "tenants.2.phone": {
      "type": "string",
      "required": false,
      "description": "Auto-generated placeholder to align MQS and validators"
    },
    "tenants.3.full_name": {
      "type": "string",
      "required": false,
      "description": "Auto-generated placeholder to align MQS and validators"
    },
    "tenants.3.dob": {
      "type": "string",
      "required": false,
      "description": "Auto-generated placeholder to align MQS and validators"
    },
    "tenants.3.email": {
      "type": "string",
      "required": false,
      "description": "Auto-generated placeholder to align MQS and validators"
    },
    "tenants.3.phone": {
      "type": "string",
      "required": false,
      "description": "Auto-generated placeholder to align MQS and validators"
    },
    "tenants.4.full_name": {
      "type": "string",
      "required": false,
      "description": "Auto-generated placeholder to align MQS and validators"
    },
    "tenants.4.dob": {
      "type": "string",
      "required": false,
      "description": "Auto-generated placeholder to align MQS and validators"
    },
    "tenants.4.email": {
      "type": "string",
      "required": false,
      "description": "Auto-generated placeholder to align MQS and validators"
    },
    "tenants.4.phone": {
      "type": "string",
      "required": false,
      "description": "Auto-generated placeholder to align MQS and validators"
    },
    "payment_method": {
      "type": "string",
      "required": false,
      "description": "Auto-generated placeholder to align MQS and validators"
    },
    "payment_details": {
      "type": "string",
      "required": false,
      "description": "Auto-generated placeholder to align MQS and validators"
    },
    "bank_account_name": {
      "type": "string",
      "required": false,
      "description": "Auto-generated placeholder to align MQS and validators"
    },
    "bank_sort_code": {
      "type": "string",
      "required": false,
      "description": "Auto-generated placeholder to align MQS and validators"
    },
    "bank_account_number": {
      "type": "string",
      "required": false,
      "description": "Auto-generated placeholder to align MQS and validators"
    },
    "deposit.already_protected": {
      "type": "string",
      "required": false,
      "description": "Auto-generated placeholder to align MQS and validators"
    },
    "deposit.reference_number": {
      "type": "string",
      "required": false,
      "description": "Auto-generated placeholder to align MQS and validators"
    },
    "deposit.prescribed_information_served": {
      "type": "string",
      "required": false,
      "description": "Auto-generated placeholder to align MQS and validators"
    },
    "utilities_responsibility": {
      "type": "string",
      "required": false,
      "description": "Auto-generated placeholder to align MQS and validators"
    },
    "internet_responsibility": {
      "type": "string",
      "required": false,
      "description": "Auto-generated placeholder to align MQS and validators"
    },
    "meter_reading_gas": {
      "type": "string",
      "required": false,
      "description": "Auto-generated placeholder to align MQS and validators"
    },
    "meter_reading_electric": {
      "type": "string",
      "required": false,
      "description": "Auto-generated placeholder to align MQS and validators"
    },
    "meter_reading_water": {
      "type": "string",
      "required": false,
      "description": "Auto-generated placeholder to align MQS and validators"
    },
    "utility_transfer_responsibility": {
      "type": "string",
      "required": false,
      "description": "Auto-generated placeholder to align MQS and validators"
    },
    "landlord_maintenance_responsibilities": {
      "type": "string",
      "required": false,
      "description": "Auto-generated placeholder to align MQS and validators"
    },
    "repairs_reporting_method": {
      "type": "string",
      "required": false,
      "description": "Auto-generated placeholder to align MQS and validators"
    },
    "emergency_contact": {
      "type": "string",
      "required": false,
      "description": "Auto-generated placeholder to align MQS and validators"
    },
    "inventory_attached": {
      "type": "string",
      "required": false,
      "description": "Auto-generated placeholder to align MQS and validators"
    },
    "professional_cleaning_required": {
      "type": "string",
      "required": false,
      "description": "Auto-generated placeholder to align MQS and validators"
    },
    "decoration_condition": {
      "type": "string",
      "required": false,
      "description": "Auto-generated placeholder to align MQS and validators"
    },
    "property_description": {
      "type": "string",
      "required": false,
      "description": "Auto-generated placeholder to align MQS and validators"
    },
    "landlord_access_notice": {
      "type": "string",
      "required": false,
      "description": "Auto-generated placeholder to align MQS and validators"
    },
    "inspection_frequency": {
      "type": "string",
      "required": false,
      "description": "Auto-generated placeholder to align MQS and validators"
    },
    "end_of_tenancy_viewings": {
      "type": "string",
      "required": false,
      "description": "Auto-generated placeholder to align MQS and validators"
    },
    "approved_pets": {
      "type": "string",
      "required": false,
      "description": "Auto-generated placeholder to align MQS and validators"
    },
    "subletting_allowed": {
      "type": "string",
      "required": false,
      "description": "Auto-generated placeholder to align MQS and validators"
    },
    "rent_increase_clause": {
      "type": "string",
      "required": false,
      "description": "Auto-generated placeholder to align MQS and validators"
    },
    "rent_increase_method": {
      "type": "string",
      "required": false,
      "description": "Auto-generated placeholder to align MQS and validators"
    },
    "rent_increase_frequency": {
      "type": "string",
      "required": false,
      "description": "Auto-generated placeholder to align MQS and validators"
    },
    "break_clause_months": {
      "type": "string",
      "required": false,
      "description": "Auto-generated placeholder to align MQS and validators"
    },
    "break_clause_notice_period": {
      "type": "string",
      "required": false,
      "description": "Auto-generated placeholder to align MQS and validators"
    },
    "additional_terms": {
      "type": "string",
      "required": false,
      "description": "Auto-generated placeholder to align MQS and validators"
    },
    "guarantor_address": {
      "type": "string",
      "required": false,
      "description": "Auto-generated placeholder to align MQS and validators"
    },
    "guarantor_email": {
      "type": "string",
      "required": false,
      "description": "Auto-generated placeholder to align MQS and validators"
    },
    "guarantor_phone": {
      "type": "string",
      "required": false,
      "description": "Auto-generated placeholder to align MQS and validators"
    },
    "guarantor_dob": {
      "type": "string",
      "required": false,
      "description": "Auto-generated placeholder to align MQS and validators"
    },
    "guarantor_relationship": {
      "type": "string",
      "required": false,
      "description": "Auto-generated placeholder to align MQS and validators"
    },
    "joint_and_several_liability": {
      "type": "string",
      "required": false,
      "description": "Auto-generated placeholder to align MQS and validators"
    },
    "communal_areas": {
      "type": "string",
      "required": false,
      "description": "Auto-generated placeholder to align MQS and validators"
    },
    "hmo_licence_number": {
      "type": "string",
      "required": false,
      "description": "Auto-generated placeholder to align MQS and validators"
    },
    "hmo_licence_expiry": {
      "type": "string",
      "required": false,
      "description": "Auto-generated placeholder to align MQS and validators"
    },
    "communal_cleaning": {
      "type": "string",
      "required": false,
      "description": "Auto-generated placeholder to align MQS and validators"
    },
    "tenant_insurance_required": {
      "type": "string",
      "required": false,
      "description": "Auto-generated placeholder to align MQS and validators"
    },
    "inventory_schedule_notes": {
      "type": "string",
      "required": false,
      "description": "Auto-generated placeholder to align MQS and validators"
    },
    "late_payment_interest_applicable": {
      "type": "string",
      "required": false,
      "description": "Auto-generated placeholder to align MQS and validators"
    },
    "late_payment_interest_rate": {
      "type": "string",
      "required": false,
      "description": "Auto-generated placeholder to align MQS and validators"
    },
    "grace_period_days": {
      "type": "string",
      "required": false,
      "description": "Auto-generated placeholder to align MQS and validators"
    },
    "late_payment_admin_fee": {
      "type": "string",
      "required": false,
      "description": "Auto-generated placeholder to align MQS and validators"
    },
    "number_of_front_door_keys": {
      "type": "string",
      "required": false,
      "description": "Auto-generated placeholder to align MQS and validators"
    },
    "number_of_back_door_keys": {
      "type": "string",
      "required": false,
      "description": "Auto-generated placeholder to align MQS and validators"
    },
    "number_of_window_keys": {
      "type": "string",
      "required": false,
      "description": "Auto-generated placeholder to align MQS and validators"
    },
    "number_of_mailbox_keys": {
      "type": "string",
      "required": false,
      "description": "Auto-generated placeholder to align MQS and validators"
    },
    "access_cards_fobs": {
      "type": "string",
      "required": false,
      "description": "Auto-generated placeholder to align MQS and validators"
    },
    "key_replacement_cost": {
      "type": "string",
      "required": false,
      "description": "Auto-generated placeholder to align MQS and validators"
    },
    "other_keys_notes": {
      "type": "string",
      "required": false,
      "description": "Auto-generated placeholder to align MQS and validators"
    },
    "contractor_access_notice_period": {
      "type": "string",
      "required": false,
      "description": "Auto-generated placeholder to align MQS and validators"
    },
    "emergency_access_allowed": {
      "type": "string",
      "required": false,
      "description": "Auto-generated placeholder to align MQS and validators"
    },
    "contractor_access_hours": {
      "type": "string",
      "required": false,
      "description": "Auto-generated placeholder to align MQS and validators"
    },
    "tenant_presence_required": {
      "type": "string",
      "required": false,
      "description": "Auto-generated placeholder to align MQS and validators"
    },
    "emergency_landlord_phone": {
      "type": "string",
      "required": false,
      "description": "Auto-generated placeholder to align MQS and validators"
    },
    "emergency_plumber_phone": {
      "type": "string",
      "required": false,
      "description": "Auto-generated placeholder to align MQS and validators"
    },
    "emergency_electrician_phone": {
      "type": "string",
      "required": false,
      "description": "Auto-generated placeholder to align MQS and validators"
    },
    "emergency_gas_engineer_phone": {
      "type": "string",
      "required": false,
      "description": "Auto-generated placeholder to align MQS and validators"
    },
    "emergency_locksmith_phone": {
      "type": "string",
      "required": false,
      "description": "Auto-generated placeholder to align MQS and validators"
    },
    "water_shutoff_location": {
      "type": "string",
      "required": false,
      "description": "Auto-generated placeholder to align MQS and validators"
    },
    "electricity_fuse_box_location": {
      "type": "string",
      "required": false,
      "description": "Auto-generated placeholder to align MQS and validators"
    },
    "gas_shutoff_location": {
      "type": "string",
      "required": false,
      "description": "Auto-generated placeholder to align MQS and validators"
    },
    "boiler_service_frequency": {
      "type": "string",
      "required": false,
      "description": "Auto-generated placeholder to align MQS and validators"
    },
    "boiler_service_responsibility": {
      "type": "string",
      "required": false,
      "description": "Auto-generated placeholder to align MQS and validators"
    },
    "gutter_cleaning_frequency": {
      "type": "string",
      "required": false,
      "description": "Auto-generated placeholder to align MQS and validators"
    },
    "gutter_cleaning_responsibility": {
      "type": "string",
      "required": false,
      "description": "Auto-generated placeholder to align MQS and validators"
    },
    "window_cleaning_frequency": {
      "type": "string",
      "required": false,
      "description": "Auto-generated placeholder to align MQS and validators"
    },
    "appliance_maintenance_notes": {
      "type": "string",
      "required": false,
      "description": "Auto-generated placeholder to align MQS and validators"
    },
    "lawn_mowing_frequency": {
      "type": "string",
      "required": false,
      "description": "Auto-generated placeholder to align MQS and validators"
    },
    "lawn_mowing_responsibility": {
      "type": "string",
      "required": false,
      "description": "Auto-generated placeholder to align MQS and validators"
    },
    "hedge_trimming_responsibility": {
      "type": "string",
      "required": false,
      "description": "Auto-generated placeholder to align MQS and validators"
    },
    "weed_control_responsibility": {
      "type": "string",
      "required": false,
      "description": "Auto-generated placeholder to align MQS and validators"
    },
    "outdoor_furniture_notes": {
      "type": "string",
      "required": false,
      "description": "Auto-generated placeholder to align MQS and validators"
    },
    "pre_tenancy_meeting_required": {
      "type": "string",
      "required": false,
      "description": "Auto-generated placeholder to align MQS and validators"
    },
    "move_in_inspection_required": {
      "type": "string",
      "required": false,
      "description": "Auto-generated placeholder to align MQS and validators"
    },
    "photographic_inventory_provided": {
      "type": "string",
      "required": false,
      "description": "Auto-generated placeholder to align MQS and validators"
    },
    "tenant_handbook_provided": {
      "type": "string",
      "required": false,
      "description": "Auto-generated placeholder to align MQS and validators"
    },
    "utility_accounts_transfer_deadline": {
      "type": "string",
      "required": false,
      "description": "Auto-generated placeholder to align MQS and validators"
    },
    "council_tax_registration_deadline": {
      "type": "string",
      "required": false,
      "description": "Auto-generated placeholder to align MQS and validators"
    },
    "checkout_inspection_required": {
      "type": "string",
      "required": false,
      "description": "Auto-generated placeholder to align MQS and validators"
    },
    "professional_cleaning_standard": {
      "type": "string",
      "required": false,
      "description": "Auto-generated placeholder to align MQS and validators"
    },
    "carpet_cleaning_required": {
      "type": "string",
      "required": false,
      "description": "Auto-generated placeholder to align MQS and validators"
    },
    "oven_cleaning_required": {
      "type": "string",
      "required": false,
      "description": "Auto-generated placeholder to align MQS and validators"
    },
    "garden_condition_required": {
      "type": "string",
      "required": false,
      "description": "Auto-generated placeholder to align MQS and validators"
    },
    "key_return_deadline": {
      "type": "string",
      "required": false,
      "description": "Auto-generated placeholder to align MQS and validators"
    },
    "forwarding_address_required": {
      "type": "string",
      "required": false,
      "description": "Auto-generated placeholder to align MQS and validators"
    },
    "deposit_return_timeline": {
      "type": "string",
      "required": false,
      "description": "Auto-generated placeholder to align MQS and validators"
    },
    "regular_cleaning_expectations": {
      "type": "string",
      "required": false,
      "description": "Auto-generated placeholder to align MQS and validators"
    },
    "deep_cleaning_areas": {
      "type": "string",
      "required": false,
      "description": "Auto-generated placeholder to align MQS and validators"
    },
    "cleaning_checklist_provided": {
      "type": "string",
      "required": false,
      "description": "Auto-generated placeholder to align MQS and validators"
    },
    "cleaning_cost_estimates": {
      "type": "string",
      "required": false,
      "description": "Auto-generated placeholder to align MQS and validators"
    },
    "evidence.tenancy_agreement_uploaded": {
      "type": "string",
      "required": false,
      "description": "Auto-generated placeholder to align MQS and validators"
    },
    "evidence.other_evidence_uploaded": {
      "type": "string",
      "required": false,
      "description": "Auto-generated placeholder to align MQS and validators"
    },
    "current_arrears_amount": {
      "type": "string",
      "required": false,
      "description": "Auto-generated placeholder to align MQS and validators"
    },
    "arrears": {
      "type": "string",
      "required": false,
      "description": "Auto-generated placeholder to align MQS and validators"
    },
    "at": {
      "type": "string",
      "required": false,
      "description": "Auto-generated placeholder to align MQS and validators"
    },
    "time": {
      "type": "string",
      "required": false,
      "description": "Auto-generated placeholder to align MQS and validators"
    },
    "of": {
      "type": "string",
      "required": false,
      "description": "Auto-generated placeholder to align MQS and validators"
    },
    "notice": {
      "type": "string",
      "required": false,
      "description": "Auto-generated placeholder to align MQS and validators"
    },
    "weeks": {
      "type": "string",
      "required": false,
      "description": "Auto-generated placeholder to align MQS and validators"
    },
    "rent": {
      "type": "string",
      "required": false,
      "description": "Auto-generated placeholder to align MQS and validators"
    },
    "hearing": {
      "type": "string",
      "required": false,
      "description": "Auto-generated placeholder to align MQS and validators"
    },
    "landlord": {
      "type": "string",
      "required": false,
      "description": "Auto-generated placeholder to align MQS and validators"
    },
    "lived": {
      "type": "string",
      "required": false,
      "description": "Auto-generated placeholder to align MQS and validators"
    },
    "in": {
      "type": "string",
      "required": false,
      "description": "Auto-generated placeholder to align MQS and validators"
    },
    "property": {
      "type": "string",
      "required": false,
      "description": "Auto-generated placeholder to align MQS and validators"
    },
    "before": {
      "type": "string",
      "required": false,
      "description": "Auto-generated placeholder to align MQS and validators"
    },
    "tenancy": {
      "type": "string",
      "required": false,
      "description": "Auto-generated placeholder to align MQS and validators"
    },
    "written": {
      "type": "string",
      "required": false,
      "description": "Auto-generated placeholder to align MQS and validators"
    },
    "given": {
      "type": "string",
      "required": false,
      "description": "Auto-generated placeholder to align MQS and validators"
    },
    "to": {
      "type": "string",
      "required": false,
      "description": "Auto-generated placeholder to align MQS and validators"
    },
    "tenant": {
      "type": "string",
      "required": false,
      "description": "Auto-generated placeholder to align MQS and validators"
    },
    "start": {
      "type": "string",
      "required": false,
      "description": "Auto-generated placeholder to align MQS and validators"
    },
    "is": {
      "type": "string",
      "required": false,
      "description": "Auto-generated placeholder to align MQS and validators"
    },
    "subject": {
      "type": "string",
      "required": false,
      "description": "Auto-generated placeholder to align MQS and validators"
    },
    "mortgage": {
      "type": "string",
      "required": false,
      "description": "Auto-generated placeholder to align MQS and validators"
    },
    "granted": {
      "type": "string",
      "required": false,
      "description": "Auto-generated placeholder to align MQS and validators"
    },
    "lender": {
      "type": "string",
      "required": false,
      "description": "Auto-generated placeholder to align MQS and validators"
    },
    "entitled": {
      "type": "string",
      "required": false,
      "description": "Auto-generated placeholder to align MQS and validators"
    },
    "exercise": {
      "type": "string",
      "required": false,
      "description": "Auto-generated placeholder to align MQS and validators"
    },
    "power": {
      "type": "string",
      "required": false,
      "description": "Auto-generated placeholder to align MQS and validators"
    },
    "sale": {
      "type": "string",
      "required": false,
      "description": "Auto-generated placeholder to align MQS and validators"
    },
    "requires": {
      "type": "string",
      "required": false,
      "description": "Auto-generated placeholder to align MQS and validators"
    },
    "possession": {
      "type": "string",
      "required": false,
      "description": "Auto-generated placeholder to align MQS and validators"
    },
    "dispose": {
      "type": "string",
      "required": false,
      "description": "Auto-generated placeholder to align MQS and validators"
    },
    "property_type_holiday": {
      "type": "string",
      "required": false,
      "description": "Auto-generated placeholder to align MQS and validators"
    },
    "seasonal_letting": {
      "type": "string",
      "required": false,
      "description": "Auto-generated placeholder to align MQS and validators"
    },
    "for": {
      "type": "string",
      "required": false,
      "description": "Auto-generated placeholder to align MQS and validators"
    },
    "fixed": {
      "type": "string",
      "required": false,
      "description": "Auto-generated placeholder to align MQS and validators"
    },
    "term": {
      "type": "string",
      "required": false,
      "description": "Auto-generated placeholder to align MQS and validators"
    },
    "not": {
      "type": "string",
      "required": false,
      "description": "Auto-generated placeholder to align MQS and validators"
    },
    "exceeding": {
      "type": "string",
      "required": false,
      "description": "Auto-generated placeholder to align MQS and validators"
    },
    "months": {
      "type": "string",
      "required": false,
      "description": "Auto-generated placeholder to align MQS and validators"
    },
    "was": {
      "type": "string",
      "required": false,
      "description": "Auto-generated placeholder to align MQS and validators"
    },
    "occupied": {
      "type": "string",
      "required": false,
      "description": "Auto-generated placeholder to align MQS and validators"
    },
    "holiday": {
      "type": "string",
      "required": false,
      "description": "Auto-generated placeholder to align MQS and validators"
    },
    "purposes": {
      "type": "string",
      "required": false,
      "description": "Auto-generated placeholder to align MQS and validators"
    },
    "previous": {
      "type": "string",
      "required": false,
      "description": "Auto-generated placeholder to align MQS and validators"
    },
    "property_type_student": {
      "type": "string",
      "required": false,
      "description": "Auto-generated placeholder to align MQS and validators"
    },
    "educational_institution": {
      "type": "string",
      "required": false,
      "description": "Auto-generated placeholder to align MQS and validators"
    },
    "let": {
      "type": "string",
      "required": false,
      "description": "Auto-generated placeholder to align MQS and validators"
    },
    "student": {
      "type": "string",
      "required": false,
      "description": "Auto-generated placeholder to align MQS and validators"
    },
    "property_purpose_religious": {
      "type": "string",
      "required": false,
      "description": "Auto-generated placeholder to align MQS and validators"
    },
    "minister_requires_residence": {
      "type": "string",
      "required": false,
      "description": "Auto-generated placeholder to align MQS and validators"
    },
    "held": {
      "type": "string",
      "required": false,
      "description": "Auto-generated placeholder to align MQS and validators"
    },
    "occupation": {
      "type": "string",
      "required": false,
      "description": "Auto-generated placeholder to align MQS and validators"
    },
    "by": {
      "type": "string",
      "required": false,
      "description": "Auto-generated placeholder to align MQS and validators"
    },
    "minister": {
      "type": "string",
      "required": false,
      "description": "Auto-generated placeholder to align MQS and validators"
    },
    "religion": {
      "type": "string",
      "required": false,
      "description": "Auto-generated placeholder to align MQS and validators"
    },
    "required": {
      "type": "string",
      "required": false,
      "description": "Auto-generated placeholder to align MQS and validators"
    },
    "such": {
      "type": "string",
      "required": false,
      "description": "Auto-generated placeholder to align MQS and validators"
    },
    "demolition_or_reconstruction_planned": {
      "type": "string",
      "required": false,
      "description": "Auto-generated placeholder to align MQS and validators"
    },
    "works_description": {
      "type": "string",
      "required": false,
      "description": "Auto-generated placeholder to align MQS and validators"
    },
    "works_cannot_be_done_with_tenant": {
      "type": "string",
      "required": false,
      "description": "Auto-generated placeholder to align MQS and validators"
    },
    "intends": {
      "type": "string",
      "required": false,
      "description": "Auto-generated placeholder to align MQS and validators"
    },
    "demolish": {
      "type": "string",
      "required": false,
      "description": "Auto-generated placeholder to align MQS and validators"
    },
    "or": {
      "type": "string",
      "required": false,
      "description": "Auto-generated placeholder to align MQS and validators"
    },
    "reconstruct": {
      "type": "string",
      "required": false,
      "description": "Auto-generated placeholder to align MQS and validators"
    },
    "building": {
      "type": "string",
      "required": false,
      "description": "Auto-generated placeholder to align MQS and validators"
    },
    "substantial": {
      "type": "string",
      "required": false,
      "description": "Auto-generated placeholder to align MQS and validators"
    },
    "part": {
      "type": "string",
      "required": false,
      "description": "Auto-generated placeholder to align MQS and validators"
    },
    "OR": {
      "type": "string",
      "required": false,
      "description": "Auto-generated placeholder to align MQS and validators"
    },
    "carry": {
      "type": "string",
      "required": false,
      "description": "Auto-generated placeholder to align MQS and validators"
    },
    "out": {
      "type": "string",
      "required": false,
      "description": "Auto-generated placeholder to align MQS and validators"
    },
    "works": {
      "type": "string",
      "required": false,
      "description": "Auto-generated placeholder to align MQS and validators"
    },
    "work": {
      "type": "string",
      "required": false,
      "description": "Auto-generated placeholder to align MQS and validators"
    },
    "cannot": {
      "type": "string",
      "required": false,
      "description": "Auto-generated placeholder to align MQS and validators"
    },
    "reasonably": {
      "type": "string",
      "required": false,
      "description": "Auto-generated placeholder to align MQS and validators"
    },
    "be": {
      "type": "string",
      "required": false,
      "description": "Auto-generated placeholder to align MQS and validators"
    },
    "carried": {
      "type": "string",
      "required": false,
      "description": "Auto-generated placeholder to align MQS and validators"
    },
    "without": {
      "type": "string",
      "required": false,
      "description": "Auto-generated placeholder to align MQS and validators"
    },
    "giving": {
      "type": "string",
      "required": false,
      "description": "Auto-generated placeholder to align MQS and validators"
    },
    "up": {
      "type": "string",
      "required": false,
      "description": "Auto-generated placeholder to align MQS and validators"
    },
    "tenant_deceased": {
      "type": "string",
      "required": false,
      "description": "Auto-generated placeholder to align MQS and validators"
    },
    "death_date": {
      "type": "string",
      "required": false,
      "description": "Auto-generated placeholder to align MQS and validators"
    },
    "proceedings_date": {
      "type": "string",
      "required": false,
      "description": "Auto-generated placeholder to align MQS and validators"
    },
    "periodic": {
      "type": "string",
      "required": false,
      "description": "Auto-generated placeholder to align MQS and validators"
    },
    "has": {
      "type": "string",
      "required": false,
      "description": "Auto-generated placeholder to align MQS and validators"
    },
    "died": {
      "type": "string",
      "required": false,
      "description": "Auto-generated placeholder to align MQS and validators"
    },
    "proceedings": {
      "type": "string",
      "required": false,
      "description": "Auto-generated placeholder to align MQS and validators"
    },
    "begun": {
      "type": "string",
      "required": false,
      "description": "Auto-generated placeholder to align MQS and validators"
    },
    "within": {
      "type": "string",
      "required": false,
      "description": "Auto-generated placeholder to align MQS and validators"
    },
    "death": {
      "type": "string",
      "required": false,
      "description": "Auto-generated placeholder to align MQS and validators"
    },
    "becoming": {
      "type": "string",
      "required": false,
      "description": "Auto-generated placeholder to align MQS and validators"
    },
    "aware": {
      "type": "string",
      "required": false,
      "description": "Auto-generated placeholder to align MQS and validators"
    },
    "some": {
      "type": "string",
      "required": false,
      "description": "Auto-generated placeholder to align MQS and validators"
    },
    "lawfully": {
      "type": "string",
      "required": false,
      "description": "Auto-generated placeholder to align MQS and validators"
    },
    "due": {
      "type": "string",
      "required": false,
      "description": "Auto-generated placeholder to align MQS and validators"
    },
    "unpaid": {
      "type": "string",
      "required": false,
      "description": "Auto-generated placeholder to align MQS and validators"
    },
    "date": {
      "type": "string",
      "required": false,
      "description": "Auto-generated placeholder to align MQS and validators"
    },
    "late_payment_duration": {
      "type": "string",
      "required": false,
      "description": "Auto-generated placeholder to align MQS and validators"
    },
    "persistently": {
      "type": "string",
      "required": false,
      "description": "Auto-generated placeholder to align MQS and validators"
    },
    "delayed": {
      "type": "string",
      "required": false,
      "description": "Auto-generated placeholder to align MQS and validators"
    },
    "paying": {
      "type": "string",
      "required": false,
      "description": "Auto-generated placeholder to align MQS and validators"
    },
    "whether": {
      "type": "string",
      "required": false,
      "description": "Auto-generated placeholder to align MQS and validators"
    },
    "broken": {
      "type": "string",
      "required": false,
      "description": "Auto-generated placeholder to align MQS and validators"
    },
    "obligation": {
      "type": "string",
      "required": false,
      "description": "Auto-generated placeholder to align MQS and validators"
    },
    "failed": {
      "type": "string",
      "required": false,
      "description": "Auto-generated placeholder to align MQS and validators"
    },
    "perform": {
      "type": "string",
      "required": false,
      "description": "Auto-generated placeholder to align MQS and validators"
    },
    "property_condition": {
      "type": "string",
      "required": false,
      "description": "Auto-generated placeholder to align MQS and validators"
    },
    "tenant_responsibility": {
      "type": "string",
      "required": false,
      "description": "Auto-generated placeholder to align MQS and validators"
    },
    "condition": {
      "type": "string",
      "required": false,
      "description": "Auto-generated placeholder to align MQS and validators"
    },
    "dwelling": {
      "type": "string",
      "required": false,
      "description": "Auto-generated placeholder to align MQS and validators"
    },
    "deteriorated": {
      "type": "string",
      "required": false,
      "description": "Auto-generated placeholder to align MQS and validators"
    },
    "acts": {
      "type": "string",
      "required": false,
      "description": "Auto-generated placeholder to align MQS and validators"
    },
    "waste": {
      "type": "string",
      "required": false,
      "description": "Auto-generated placeholder to align MQS and validators"
    },
    "person": {
      "type": "string",
      "required": false,
      "description": "Auto-generated placeholder to align MQS and validators"
    },
    "residing": {
      "type": "string",
      "required": false,
      "description": "Auto-generated placeholder to align MQS and validators"
    },
    "lodging": {
      "type": "string",
      "required": false,
      "description": "Auto-generated placeholder to align MQS and validators"
    },
    "neglect": {
      "type": "string",
      "required": false,
      "description": "Auto-generated placeholder to align MQS and validators"
    },
    "default": {
      "type": "string",
      "required": false,
      "description": "Auto-generated placeholder to align MQS and validators"
    },
    "if": {
      "type": "string",
      "required": false,
      "description": "Auto-generated placeholder to align MQS and validators"
    },
    "other": {
      "type": "string",
      "required": false,
      "description": "Auto-generated placeholder to align MQS and validators"
    },
    "than": {
      "type": "string",
      "required": false,
      "description": "Auto-generated placeholder to align MQS and validators"
    },
    "taken": {
      "type": "string",
      "required": false,
      "description": "Auto-generated placeholder to align MQS and validators"
    },
    "reasonable": {
      "type": "string",
      "required": false,
      "description": "Auto-generated placeholder to align MQS and validators"
    },
    "steps": {
      "type": "string",
      "required": false,
      "description": "Auto-generated placeholder to align MQS and validators"
    },
    "remove": {
      "type": "string",
      "required": false,
      "description": "Auto-generated placeholder to align MQS and validators"
    },
    "them": {
      "type": "string",
      "required": false,
      "description": "Auto-generated placeholder to align MQS and validators"
    },
    "evidence_witnesses": {
      "type": "string",
      "required": false,
      "description": "Auto-generated placeholder to align MQS and validators"
    },
    "visiting": {
      "type": "string",
      "required": false,
      "description": "Auto-generated placeholder to align MQS and validators"
    },
    "been": {
      "type": "string",
      "required": false,
      "description": "Auto-generated placeholder to align MQS and validators"
    },
    "guilty": {
      "type": "string",
      "required": false,
      "description": "Auto-generated placeholder to align MQS and validators"
    },
    "conduct": {
      "type": "string",
      "required": false,
      "description": "Auto-generated placeholder to align MQS and validators"
    },
    "causing": {
      "type": "string",
      "required": false,
      "description": "Auto-generated placeholder to align MQS and validators"
    },
    "nuisance": {
      "type": "string",
      "required": false,
      "description": "Auto-generated placeholder to align MQS and validators"
    },
    "annoyance": {
      "type": "string",
      "required": false,
      "description": "Auto-generated placeholder to align MQS and validators"
    },
    "adjoining": {
      "type": "string",
      "required": false,
      "description": "Auto-generated placeholder to align MQS and validators"
    },
    "occupiers": {
      "type": "string",
      "required": false,
      "description": "Auto-generated placeholder to align MQS and validators"
    },
    "convicted": {
      "type": "string",
      "required": false,
      "description": "Auto-generated placeholder to align MQS and validators"
    },
    "using": {
      "type": "string",
      "required": false,
      "description": "Auto-generated placeholder to align MQS and validators"
    },
    "premises": {
      "type": "string",
      "required": false,
      "description": "Auto-generated placeholder to align MQS and validators"
    },
    "immoral": {
      "type": "string",
      "required": false,
      "description": "Auto-generated placeholder to align MQS and validators"
    },
    "illegal": {
      "type": "string",
      "required": false,
      "description": "Auto-generated placeholder to align MQS and validators"
    },
    "arrestable": {
      "type": "string",
      "required": false,
      "description": "Auto-generated placeholder to align MQS and validators"
    },
    "offence": {
      "type": "string",
      "required": false,
      "description": "Auto-generated placeholder to align MQS and validators"
    },
    "locality": {
      "type": "string",
      "required": false,
      "description": "Auto-generated placeholder to align MQS and validators"
    },
    "married": {
      "type": "string",
      "required": false,
      "description": "Auto-generated placeholder to align MQS and validators"
    },
    "couple": {
      "type": "string",
      "required": false,
      "description": "Auto-generated placeholder to align MQS and validators"
    },
    "civil": {
      "type": "string",
      "required": false,
      "description": "Auto-generated placeholder to align MQS and validators"
    },
    "partners": {
      "type": "string",
      "required": false,
      "description": "Auto-generated placeholder to align MQS and validators"
    },
    "one": {
      "type": "string",
      "required": false,
      "description": "Auto-generated placeholder to align MQS and validators"
    },
    "partner": {
      "type": "string",
      "required": false,
      "description": "Auto-generated placeholder to align MQS and validators"
    },
    "left": {
      "type": "string",
      "required": false,
      "description": "Auto-generated placeholder to align MQS and validators"
    },
    "because": {
      "type": "string",
      "required": false,
      "description": "Auto-generated placeholder to align MQS and validators"
    },
    "violence": {
      "type": "string",
      "required": false,
      "description": "Auto-generated placeholder to align MQS and validators"
    },
    "from": {
      "type": "string",
      "required": false,
      "description": "Auto-generated placeholder to align MQS and validators"
    },
    "court": {
      "type": "string",
      "required": false,
      "description": "Auto-generated placeholder to align MQS and validators"
    },
    "satisfied": {
      "type": "string",
      "required": false,
      "description": "Auto-generated placeholder to align MQS and validators"
    },
    "leaving": {
      "type": "string",
      "required": false,
      "description": "Auto-generated placeholder to align MQS and validators"
    },
    "unlikely": {
      "type": "string",
      "required": false,
      "description": "Auto-generated placeholder to align MQS and validators"
    },
    "return": {
      "type": "string",
      "required": false,
      "description": "Auto-generated placeholder to align MQS and validators"
    },
    "furniture_condition": {
      "type": "string",
      "required": false,
      "description": "Auto-generated placeholder to align MQS and validators"
    },
    "furniture": {
      "type": "string",
      "required": false,
      "description": "Auto-generated placeholder to align MQS and validators"
    },
    "ill": {
      "type": "string",
      "required": false,
      "description": "Auto-generated placeholder to align MQS and validators"
    },
    "treatment": {
      "type": "string",
      "required": false,
      "description": "Auto-generated placeholder to align MQS and validators"
    },
    "statement_made_by": {
      "type": "string",
      "required": false,
      "description": "Auto-generated placeholder to align MQS and validators"
    },
    "material_influence": {
      "type": "string",
      "required": false,
      "description": "Auto-generated placeholder to align MQS and validators"
    },
    "on": {
      "type": "string",
      "required": false,
      "description": "Auto-generated placeholder to align MQS and validators"
    },
    "basis": {
      "type": "string",
      "required": false,
      "description": "Auto-generated placeholder to align MQS and validators"
    },
    "false": {
      "type": "string",
      "required": false,
      "description": "Auto-generated placeholder to align MQS and validators"
    },
    "statement": {
      "type": "string",
      "required": false,
      "description": "Auto-generated placeholder to align MQS and validators"
    },
    "made": {
      "type": "string",
      "required": false,
      "description": "Auto-generated placeholder to align MQS and validators"
    },
    "knowingly": {
      "type": "string",
      "required": false,
      "description": "Auto-generated placeholder to align MQS and validators"
    },
    "recklessly": {
      "type": "string",
      "required": false,
      "description": "Auto-generated placeholder to align MQS and validators"
    },
    "acting": {
      "type": "string",
      "required": false,
      "description": "Auto-generated placeholder to align MQS and validators"
    },
    "s": {
      "type": "string",
      "required": false,
      "description": "Auto-generated placeholder to align MQS and validators"
    },
    "instigation": {
      "type": "string",
      "required": false,
      "description": "Auto-generated placeholder to align MQS and validators"
    },
    "rent_arrears_months": {
      "type": "string",
      "required": false,
      "description": "Auto-generated placeholder to align MQS and validators"
    },
    "arrears_at_notice": {
      "type": "string",
      "required": false,
      "description": "Auto-generated placeholder to align MQS and validators"
    },
    "arrears_at_hearing_likely": {
      "type": "string",
      "required": false,
      "description": "Auto-generated placeholder to align MQS and validators"
    },
    "late_payments": {
      "type": "string",
      "required": false,
      "description": "Auto-generated placeholder to align MQS and validators"
    },
    "landlord_prior_occupation": {
      "type": "string",
      "required": false,
      "description": "Auto-generated placeholder to align MQS and validators"
    },
    "notice_given_at_start": {
      "type": "string",
      "required": false,
      "description": "Auto-generated placeholder to align MQS and validators"
    },
    "landlord_needs_property": {
      "type": "string",
      "required": false,
      "description": "Auto-generated placeholder to align MQS and validators"
    },
    "landlord_wants_to_live": {
      "type": "string",
      "required": false,
      "description": "Auto-generated placeholder to align MQS and validators"
    },
    "mortgage_predates_tenancy": {
      "type": "string",
      "required": false,
      "description": "Auto-generated placeholder to align MQS and validators"
    },
    "lender_requiring_possession": {
      "type": "string",
      "required": false,
      "description": "Auto-generated placeholder to align MQS and validators"
    },
    "antisocial_behavior": {
      "type": "string",
      "required": false,
      "description": "Auto-generated placeholder to align MQS and validators"
    },
    "severity": {
      "type": "string",
      "required": false,
      "description": "Auto-generated placeholder to align MQS and validators"
    },
    "evidence_available": {
      "type": "string",
      "required": false,
      "description": "Auto-generated placeholder to align MQS and validators"
    },
    "multiple_incidents": {
      "type": "string",
      "required": false,
      "description": "Auto-generated placeholder to align MQS and validators"
    },
    "breach_of_tenancy": {
      "type": "string",
      "required": false,
      "description": "Auto-generated placeholder to align MQS and validators"
    },
    "breach_continuing": {
      "type": "string",
      "required": false,
      "description": "Auto-generated placeholder to align MQS and validators"
    },
    "unauthorized_pets": {
      "type": "string",
      "required": false,
      "description": "Auto-generated placeholder to align MQS and validators"
    },
    "tenancy_prohibits_pets": {
      "type": "string",
      "required": false,
      "description": "Auto-generated placeholder to align MQS and validators"
    },
    "property_deteriorated": {
      "type": "string",
      "required": false,
      "description": "Auto-generated placeholder to align MQS and validators"
    },
    "caused_by_tenant": {
      "type": "string",
      "required": false,
      "description": "Auto-generated placeholder to align MQS and validators"
    },
    "beyond_fair_wear": {
      "type": "string",
      "required": false,
      "description": "Auto-generated placeholder to align MQS and validators"
    },
    "significant_damage": {
      "type": "string",
      "required": false,
      "description": "Auto-generated placeholder to align MQS and validators"
    },
    "furnished_tenancy": {
      "type": "string",
      "required": false,
      "description": "Auto-generated placeholder to align MQS and validators"
    },
    "furniture_damaged": {
      "type": "string",
      "required": false,
      "description": "Auto-generated placeholder to align MQS and validators"
    },
    "inventory_available": {
      "type": "string",
      "required": false,
      "description": "Auto-generated placeholder to align MQS and validators"
    },
    "substantial_works_planned": {
      "type": "string",
      "required": false,
      "description": "Auto-generated placeholder to align MQS and validators"
    },
    "vacant_possession_required": {
      "type": "string",
      "required": false,
      "description": "Auto-generated placeholder to align MQS and validators"
    },
    "landlord_owned_2_years": {
      "type": "string",
      "required": false,
      "description": "Auto-generated placeholder to align MQS and validators"
    },
    "planning_permission": {
      "type": "string",
      "required": false,
      "description": "Auto-generated placeholder to align MQS and validators"
    },
    "funding_secured": {
      "type": "string",
      "required": false,
      "description": "Auto-generated placeholder to align MQS and validators"
    },
    "gas_safety_provided": {
      "type": "string",
      "required": false,
      "description": "Auto-generated placeholder to align MQS and validators"
    },
    "not_first_4_months": {
      "type": "string",
      "required": false,
      "description": "Auto-generated placeholder to align MQS and validators"
    },
    "no_recent_complaint": {
      "type": "string",
      "required": false,
      "description": "Auto-generated placeholder to align MQS and validators"
    },
    "properly_licensed": {
      "type": "string",
      "required": false,
      "description": "Auto-generated placeholder to align MQS and validators"
    },
    "property.location": {
      "type": "string",
      "required": false,
      "description": "Auto-generated placeholder to align MQS and validators"
    }
  }
}